{"type":"FeatureCollection","features":[{"type":"Feature","id":1,"geometry":{"type":"LineString","coordinates":[[35.766741100000047,-0.4974346999999284],[35.766376800000046,-0.49788299999994479],[35.766470200000072,-0.49857409999992797],[35.766162000000065,-0.49905979999994088],[35.766059300000052,-0.49951739999994516],[35.765667000000064,-0.50003109999994422],[35.765695000000051,-0.50046069999996234],[35.765312100000074,-0.50120789999994031],[35.764817100000073,-0.50166549999994459],[35.76405120000004,-0.50202979999994568],[35.763929800000028,-0.50265549999994619],[35.763658900000053,-0.50281429999995453],[35.76331330000005,-0.50280499999996664],[35.762921100000028,-0.50307579999997643],[35.762640900000065,-0.50385099999994054],[35.762183200000038,-0.50414049999994859],[35.761305200000038,-0.50411249999996244],[35.760978300000033,-0.50427129999997078],[35.760726200000079,-0.50527059999996027],[35.760268500000052,-0.50552279999993743],[35.759857500000066,-0.50606449999997949],[35.759792200000049,-0.50697039999994331],[35.759455900000034,-0.50762419999995245],[35.758820800000024,-0.50808189999997921],[35.758606000000043,-0.5085861999999679],[35.758699400000069,-0.50918389999992542],[35.759054300000059,-0.50945479999995769],[35.759082300000046,-0.51016459999993913],[35.759362500000066,-0.51052879999997458],[35.75927850000005,-0.51099579999993239],[35.758848800000067,-0.51154689999992797],[35.758774100000039,-0.51217259999992848],[35.758858200000077,-0.51265829999994139],[35.758503200000064,-0.51286379999993414],[35.757914800000037,-0.51376039999996692],[35.75766260000006,-0.51433939999992617],[35.757466500000078,-0.51470369999992727],[35.75753190000006,-0.51521729999996069],[35.757345100000066,-0.51582439999992857],[35.756747300000029,-0.51608589999995047],[35.756588500000078,-0.51642209999994293],[35.756644600000072,-0.51679569999993191],[35.756495100000052,-0.51701989999997977],[35.756121500000063,-0.51713199999994686],[35.755477100000064,-0.51680509999994229],[35.754870000000039,-0.51688909999995758],[35.754739200000074,-0.51728139999994482],[35.754375000000039,-0.5175054999999702],[35.754085400000065,-0.5183367999999291],[35.753310200000044,-0.5186729999999784],[35.752899200000058,-0.51903719999995701],[35.752833900000041,-0.51959759999994048],[35.751993300000038,-0.52027009999994789],[35.751498200000071,-0.52080239999997957],[35.751124600000026,-0.52072769999995216],[35.750601600000039,-0.52040079999994759],[35.750200292000045,-0.52059837999996716]]},"properties":{"OBJECTID":1,"FID":25417,"osm_id":"1049395850","code":8102,"fclass":"stream","width":0,"name":"","SHAPE_Length":0.033870905671454912}},{"type":"Feature","id":2,"geometry":{"type":"LineString","coordinates":[[35.742420000000038,-0.25899589999994532],[35.74247900000006,-0.25901199999992741],[35.742481600000076,-0.25906829999996717],[35.742422600000054,-0.25913539999993418],[35.742454800000075,-0.25924529999997503],[35.742540700000063,-0.25927479999995739],[35.742629200000067,-0.25932579999994232],[35.742816900000037,-0.25919709999993756],[35.743047600000068,-0.25908439999994926],[35.743329200000062,-0.25905759999994871],[35.743723500000044,-0.25914339999997082],[35.744182200000068,-0.25920509999997421],[35.744187500000066,-0.25926139999995712],[35.744225100000051,-0.2592855999999415],[35.744268000000034,-0.25927219999994122],[35.744297500000073,-0.25923459999995657],[35.744332400000076,-0.25920779999995602],[35.74437800000004,-0.25919709999993756],[35.74442090000008,-0.25919439999995575],[35.744514800000047,-0.25920509999997421],[35.744555000000048,-0.25922389999993811],[35.744622000000049,-0.25928019999997787],[35.744659600000034,-0.25930439999996224],[35.744702500000074,-0.25930439999996224],[35.744742700000074,-0.2592855999999415],[35.744791000000077,-0.25920779999995602],[35.744890300000066,-0.25919439999995575],[35.744930500000066,-0.25915409999993244],[35.744954600000028,-0.25914879999993445],[35.74501900000007,-0.25919709999993756],[35.745059200000071,-0.25921579999993583],[35.745102200000076,-0.25919969999995374],[35.745110200000056,-0.25915409999993244],[35.745093100000076,-0.25911389999993162],[35.745100400000069,-0.259083999999973],[35.74516680000005,-0.25907859999995253],[35.745228200000042,-0.25901199999992741],[35.745306000000028,-0.2590092999999456],[35.745390500000042,-0.25899719999995341],[35.745412000000044,-0.25900129999996579],[35.745426700000053,-0.25901869999995597],[35.745436100000063,-0.25913269999995237],[35.745442800000035,-0.25915419999995493],[35.745466900000054,-0.2591567999999711],[35.745540700000049,-0.25910449999997809],[35.74556350000006,-0.25910179999993943],[35.74558630000007,-0.2591071999999599],[35.745599700000071,-0.25912459999995008],[35.745609100000024,-0.25916889999996329],[35.74559030000006,-0.25918099999995547],[35.745548800000051,-0.25920109999992746],[35.745535300000029,-0.25921989999994821],[35.745540700000049,-0.25924269999995886],[35.745630600000027,-0.25929499999995187],[35.745677500000056,-0.25929899999994177],[35.745719100000031,-0.25927749999993921],[35.74575260000006,-0.25924529999997503],[35.745771400000024,-0.25923459999995657],[35.745794200000034,-0.25923329999994849],[35.745815600000071,-0.25924129999992829],[35.745831700000053,-0.25925739999996722],[35.745853200000056,-0.25929899999994177],[35.745851800000025,-0.25934459999996307],[35.745845100000054,-0.25936739999997371],[35.745826400000055,-0.25940759999997454],[35.745826400000055,-0.25943039999992834],[35.745839800000056,-0.25944919999994909],[35.745861200000036,-0.25945589999997765],[35.745921600000031,-0.25942639999993844],[35.745979200000079,-0.25946259999994936],[35.746010100000035,-0.25949339999993981],[35.746032900000046,-0.25949879999996028],[35.746078500000067,-0.25949479999997038],[35.746101300000078,-0.25948809999994182],[35.746142900000052,-0.25944919999994909],[35.746167000000071,-0.25941159999996444],[35.746180400000071,-0.25936599999994314],[35.746188500000073,-0.25927479999995739],[35.746199200000035,-0.25923189999997476],[35.746212600000035,-0.25918899999993528],[35.746250100000054,-0.25910589999995182],[35.74634130000004,-0.25908439999994926],[35.746381600000063,-0.25907099999994898],[35.746405700000025,-0.25903349999992997],[35.746409700000072,-0.25899049999992485],[35.746385400000065,-0.25894619999996848],[35.746385600000053,-0.25890339999995149],[35.746405700000025,-0.25885909999993828],[35.746443300000067,-0.25883499999997639],[35.746488900000031,-0.25880409999996346],[35.74652640000005,-0.25881079999993517],[35.746568000000025,-0.25879879999996547],[35.746598800000072,-0.25875719999993407],[35.746644400000037,-0.25874909999993179],[35.746687300000076,-0.25875179999997044],[35.746767800000043,-0.25878399999993462],[35.74687780000005,-0.25886449999995875],[35.746950200000072,-0.25892879999997831],[35.746993100000054,-0.25893149999996012],[35.747033400000078,-0.25891279999996186],[35.747068200000058,-0.25888859999997749],[35.747111100000041,-0.25887519999997721],[35.747151400000064,-0.2588912999999593],[35.747183600000028,-0.25892079999994166],[35.747223800000029,-0.2589448999999604],[35.74726400000003,-0.25893149999996012],[35.747288200000071,-0.2588912999999593],[35.747317700000053,-0.2587973999999349],[35.747371300000054,-0.25867669999996679],[35.747387400000036,-0.25863379999992731],[35.747395500000039,-0.25858819999996285],[35.747414200000037,-0.25854799999996203],[35.74744110000006,-0.25851309999995919],[35.747473200000059,-0.25848359999997683],[35.747524200000043,-0.25847819999995636],[35.747564400000044,-0.2584594999999581],[35.747607300000027,-0.25837899999993397],[35.747639500000048,-0.25828509999996641],[35.747663700000032,-0.2582475999999474],[35.747754900000075,-0.25827979999996842],[35.747792400000037,-0.25831459999994877],[35.74783270000006,-0.25833609999995133],[35.74785410000004,-0.25837359999997034],[35.747902400000044,-0.25850239999994074],[35.747937300000046,-0.25852649999995947],[35.747964100000047,-0.2585613999999623],[35.748066000000051,-0.25860159999996313],[35.748154500000055,-0.25860159999996313],[35.748189400000058,-0.25856679999992593],[35.74820550000004,-0.25852649999995947],[35.74820550000004,-0.25848089999993817],[35.748224300000061,-0.25844069999993735],[35.748269900000025,-0.25843529999997372],[35.748310100000026,-0.25845139999995581],[35.748379800000066,-0.25846479999995609],[35.748409300000048,-0.25842999999997573],[35.74839860000003,-0.25838439999995444],[35.748366400000066,-0.25830119999994849],[35.748366400000066,-0.2582555999999272],[35.748371800000029,-0.25816169999995964],[35.748401300000069,-0.25812689999997929],[35.748441500000069,-0.25810539999997673],[35.748484400000052,-0.25810809999995854],[35.748556800000074,-0.25816709999998011],[35.74864800000006,-0.25817779999994173],[35.748682900000063,-0.25814829999995936],[35.748704400000065,-0.25811079999994035],[35.748744600000066,-0.25809739999994008],[35.74883310000007,-0.25810009999997874],[35.748876000000052,-0.25808659999995598],[35.748913600000037,-0.2580651999999759],[35.748943100000076,-0.25803029999997307],[35.748964500000056,-0.25799009999997224],[35.748964500000056,-0.25794449999995095],[35.748956500000077,-0.25789889999992965],[35.748983300000077,-0.25781839999996237],[35.748988700000041,-0.25776209999997945],[35.74896190000004,-0.25772449999993796],[35.748927000000037,-0.25769239999993943],[35.748884100000055,-0.25767629999995734],[35.748843800000031,-0.25770039999997607],[35.748800900000049,-0.25771379999997635],[35.748755300000028,-0.2576949999999556],[35.748720500000047,-0.25766549999997324],[35.748701700000026,-0.25762259999993375],[35.748664100000042,-0.25759579999993321],[35.748621200000059,-0.25758239999993293],[35.748594400000059,-0.25754479999994828],[35.748602400000038,-0.25749919999992699],[35.748658800000044,-0.25732489999995778],[35.748696300000063,-0.25724439999993365],[35.748800900000049,-0.25715589999992972],[35.748878700000034,-0.25704059999992523],[35.748905500000035,-0.25700569999997924],[35.748953800000038,-0.25693059999997558],[35.749085200000025,-0.25676429999992934],[35.749125500000048,-0.25674819999994725],[35.749171100000069,-0.25674289999994926],[35.749365600000033,-0.25663039999994908],[35.749720900000057,-0.25625809999996818],[35.749636300000077,-0.25571669999993674],[35.749805500000036,-0.25503989999992882],[35.750177800000074,-0.25429539999993267],[35.750956200000076,-0.2538384999999721],[35.751277600000037,-0.25306019999993623],[35.751886800000079,-0.25236639999997124],[35.752631300000075,-0.25221419999996897],[35.753020500000048,-0.25128349999994271],[35.753951100000052,-0.2500651999999377],[35.753883400000063,-0.24915149999992536],[35.754475700000057,-0.24815319999993335],[35.755355500000064,-0.24739179999994576],[35.755643200000065,-0.2465457999999785],[35.755575500000077,-0.24586899999997058],[35.756709200000046,-0.24476909999992813],[35.757842900000071,-0.243144799999925],[35.758384300000046,-0.24206189999995331],[35.759670300000039,-0.24118199999998069],[35.760770100000059,-0.24053899999995565],[35.761683900000037,-0.23999749999995856],[35.762343800000053,-0.23915149999993446],[35.76330820000004,-0.23876239999992777],[35.76406970000005,-0.23901619999998047],[35.765491000000054,-0.23977759999996806],[35.766083200000025,-0.23962529999994331],[35.766590800000074,-0.23987909999993917],[35.767428900000027,-0.24029839999997193],[35.76772120000004,-0.24032249999993383],[35.768469000000039,-0.24023439999996299],[35.768823600000076,-0.24021259999994982],[35.769112000000064,-0.24033599999995658],[35.769429800000069,-0.24049149999996189],[35.769660500000043,-0.24080799999995861],[35.769842900000071,-0.24092329999996309],[35.770041300000059,-0.24106819999997242],[35.770210300000031,-0.24113789999995561],[35.770482600000037,-0.24084359999994831],[35.77092250000004,-0.23962529999994331],[35.771937800000046,-0.23940529999993032],[35.772851500000058,-0.23962529999994331],[35.77335910000005,-0.23955759999995507],[35.773629800000037,-0.23996369999997569],[35.774306700000068,-0.24020059999998011],[35.774746600000071,-0.24057279999993852],[35.775660300000027,-0.24030209999995122],[35.776354100000049,-0.2403866999999309],[35.776492100000041,-0.24000869999997576],[35.776602000000025,-0.23980759999994916],[35.776956100000064,-0.23955809999995381],[35.777328900000043,-0.23957959999995637],[35.777535400000033,-0.23960639999995692],[35.777819800000032,-0.23951249999993252],[35.778138900000044,-0.23948029999996834],[35.778790600000036,-0.23954069999996364],[35.779659700000025,-0.23971639999996341],[35.779984300000024,-0.23967609999994011],[35.780177400000071,-0.23960909999993873],[35.780421500000045,-0.23937039999992749],[35.780877500000031,-0.23905649999994694],[35.781244100000038,-0.23888079999994716],[35.781553400000064,-0.23821699999996326],[35.781674100000032,-0.23808559999997669],[35.781945000000064,-0.2379299999999489],[35.782317700000078,-0.23780439999995906],[35.782864600000039,-0.23766759999995202],[35.783794600000078,-0.23743489999992562],[35.784577500000069,-0.23723909999995385]]},"properties":{"OBJECTID":2,"FID":1653,"osm_id":"250501160","code":8101,"fclass":"river","width":0,"name":"Molo","SHAPE_Length":0.060728983879611211}},{"type":"Feature","id":3,"geometry":{"type":"LineString","coordinates":[[35.75492440000005,-0.2794662999999673],[35.755034400000056,-0.27922749999993357],[35.755491000000063,-0.27815999999995711]]},"properties":{"OBJECTID":3,"FID":5829,"osm_id":"598192625","code":8102,"fclass":"stream","width":0,"name":"","SHAPE_Length":0.0014239683392537165}},{"type":"Feature","id":4,"geometry":{"type":"LineString","coordinates":[[35.74175740000004,-0.25899319999996351],[35.741894200000047,-0.25895829999996067],[35.742208100000028,-0.25895029999992403],[35.742368200000044,-0.25898479999995061]]},"properties":{"OBJECTID":4,"FID":16150,"osm_id":"834014959","code":8101,"fclass":"river","width":0,"name":"","SHAPE_Length":0.00061895857599478504}},{"type":"Feature","id":5,"geometry":{"type":"LineString","coordinates":[[35.73709000000008,-0.36606339999997317],[35.737096800000074,-0.36611119999997754],[35.737119600000028,-0.3661874999999668],[35.737129800000048,-0.36629119999997783],[35.737161700000058,-0.36636179999993601],[35.737174300000049,-0.36641649999995707],[35.737168600000075,-0.36647679999992988],[35.737119600000028,-0.36654289999995626],[35.737069500000075,-0.3665997999999604],[35.736962400000039,-0.36667959999994082],[35.736897500000055,-0.36675019999995584],[35.736892900000043,-0.36678439999997181],[35.736911200000065,-0.36688229999992927],[35.736870100000033,-0.3669779999999605],[35.736823400000048,-0.367030399999976],[35.73676880000005,-0.36713519999995015],[35.73671980000006,-0.36720239999993964],[35.736648000000059,-0.3672558999999751],[35.736601300000075,-0.36731509999992795],[35.736519300000054,-0.36738349999995989],[35.736464700000056,-0.36746659999994336],[35.73639060000005,-0.36751099999997905],[35.736375800000076,-0.36755089999996926],[35.73636330000005,-0.36764199999993252],[35.73631430000006,-0.36768759999995382],[35.736228900000071,-0.36772519999993847],[35.736187900000061,-0.36777759999995396],[35.736186700000076,-0.36785839999993186],[35.736166200000071,-0.36789829999997892],[35.736091100000067,-0.36794949999995197],[35.736041000000057,-0.36802359999995815],[35.735992000000067,-0.36808389999993096],[35.735900900000047,-0.36819219999995312],[35.735826800000041,-0.36833449999994627],[35.735743700000057,-0.36847349999993639],[35.735674200000062,-0.36861239999996087],[35.735640700000033,-0.36868079999993597]]},"properties":{"OBJECTID":5,"FID":22143,"osm_id":"999275769","code":8102,"fclass":"stream","width":0,"name":"Korau","SHAPE_Length":0.003221547785614752}},{"type":"Feature","id":6,"geometry":{"type":"LineString","coordinates":[[35.756885800000077,-0.35749119999996992],[35.756859600000041,-0.35764839999995957]]},"properties":{"OBJECTID":6,"FID":22132,"osm_id":"999275758","code":8102,"fclass":"stream","width":0,"name":"","SHAPE_Length":0.00015936837828954391}},{"type":"Feature","id":7,"geometry":{"type":"LineString","coordinates":[[35.807643100000064,-0.37014669999996386],[35.807663600000069,-0.37005329999993819],[35.807627100000047,-0.36987559999994346],[35.807569000000058,-0.36976739999994379],[35.807489300000043,-0.3696329999999648],[35.807472200000063,-0.36953729999993357],[35.807504100000074,-0.36945189999994454],[35.807504100000074,-0.36938349999996944],[35.807462000000044,-0.36932999999993399],[35.807443800000044,-0.36926849999997557],[35.807481300000063,-0.36921159999997144],[35.807484800000054,-0.36916139999993902],[35.807462000000044,-0.36912499999993997],[35.807454000000064,-0.36907149999996136],[35.807408400000043,-0.3689347999999768],[35.80739710000006,-0.36887669999993022],[35.807362900000044,-0.36882199999996601],[35.807328700000028,-0.3687092999999777],[35.807326400000079,-0.36865229999995108],[35.80729800000006,-0.36855549999995674],[35.807301400000028,-0.36850199999997812],[35.807334400000059,-0.36843249999992622],[35.80733900000007,-0.36838239999997313],[35.807333300000039,-0.36831059999997251],[35.807328700000028,-0.3682126999999582],[35.807351500000038,-0.36817619999993667],[35.807386800000074,-0.3681203999999525],[35.807402800000034,-0.36808169999994789],[35.807435800000064,-0.36804069999993771],[35.807490500000029,-0.36802239999997255],[35.807528000000048,-0.36798139999996238],[35.807572500000049,-0.36796319999996285],[35.807656700000052,-0.36790279999996756],[35.807668100000058,-0.36786979999993719],[35.807726200000047,-0.36777639999996836],[35.807722800000079,-0.36773879999992687],[35.807708000000048,-0.36768869999997378],[35.807698900000048,-0.36760669999995343],[35.807680700000049,-0.36757709999994859],[35.807670400000063,-0.36750759999995353],[35.807690900000068,-0.36747909999996864],[35.807698900000048,-0.36744949999996379],[35.807684100000074,-0.36739599999992834],[35.807654500000069,-0.36736869999992905],[35.807631700000059,-0.36732649999993328],[35.807624900000064,-0.3672706999999491],[35.807591800000068,-0.36721829999993361],[35.807577000000038,-0.36718529999996008],[35.807585000000074,-0.36714539999996987],[35.807559900000058,-0.36708729999998013],[35.807541700000058,-0.36707249999994929],[35.80749730000008,-0.36706569999995509],[35.807390200000043,-0.36706449999996948],[35.807300200000043,-0.36705539999996972],[35.807250100000033,-0.36702009999993379],[35.807216000000039,-0.36695519999994985],[35.807201700000064,-0.3668828999999505],[35.807209700000044,-0.36683099999993374],[35.807192000000043,-0.36678829999993923],[35.807177800000034,-0.36673079999997071],[35.807176100000049,-0.36668009999993956],[35.80714590000008,-0.36665449999992461],[35.80710380000005,-0.36663289999995641],[35.807063300000038,-0.36662379999995665],[35.806954000000076,-0.36664199999995617],[35.806846900000039,-0.36666699999994989],[35.806698800000049,-0.36662379999995665],[35.80661230000004,-0.36653719999992518],[35.806489300000067,-0.36644829999994499],[35.806439200000057,-0.36633219999993116],[35.806402700000035,-0.3662478999999621],[35.806307000000061,-0.36613399999993135],[35.806229600000052,-0.36609749999996666],[35.806154400000025,-0.36603369999994584],[35.806061000000057,-0.36592669999993177],[35.806024600000057,-0.36585149999996247],[35.805963100000042,-0.36577629999993633],[35.805969900000036,-0.36570339999997259],[35.805965300000025,-0.36560999999994692],[35.805912900000067,-0.36553029999993214],[35.805867400000068,-0.36544599999996308],[35.805794500000047,-0.36535259999993741],[35.805780800000036,-0.36524559999998019],[35.805771700000037,-0.36516809999994848],[35.805639600000063,-0.36507019999993418],[35.805528000000038,-0.36506099999996877],[35.805432300000064,-0.36502689999997529],[35.805345700000032,-0.3649607999999489],[35.805252300000063,-0.36488789999992832],[35.805193100000054,-0.36485149999992927],[35.805186300000059,-0.36481049999997595],[35.805177100000037,-0.36469879999992827],[35.80502000000007,-0.36458719999995992],[35.804958500000055,-0.36452569999994466],[35.804915200000039,-0.36445739999993521],[35.804846800000064,-0.36445279999992408],[35.804805800000054,-0.36437759999995478],[35.804764800000044,-0.36432519999993929],[35.804703300000028,-0.36432519999993929],[35.804630400000065,-0.36431609999993952],[35.80454160000005,-0.36427059999994071],[35.80443450000007,-0.36415209999995568],[35.80426140000003,-0.36411789999993971],[35.804136100000051,-0.36405189999993581],[35.804047300000036,-0.36400629999997136],[35.803976600000055,-0.36389699999995173],[35.803881000000047,-0.363719299999957],[35.803860500000042,-0.36358719999992672],[35.803853600000025,-0.36342999999993708],[35.803778500000078,-0.36329789999996365],[35.803701000000046,-0.3632226999999375],[35.803593900000067,-0.3631338999999798],[35.803450400000031,-0.36310649999995803],[35.803281800000036,-0.36307229999994206],[35.803167900000062,-0.36300859999994373],[35.803044900000032,-0.36286279999995941],[35.803026700000032,-0.36274199999996881],[35.803072300000053,-0.36262359999994942],[35.803065400000037,-0.36244819999996025],[35.803042700000049,-0.3623342999999295],[35.802981200000033,-0.36216569999993453],[35.802981200000033,-0.36187869999997702],[35.802885500000059,-0.3617624999999407],[35.802789800000028,-0.36169419999993124],[35.802682700000048,-0.36167819999997164],[35.802580200000079,-0.36157339999994065],[35.802404800000033,-0.3614617999999723],[35.802288600000054,-0.36143669999995609],[35.802161100000035,-0.36138209999995752],[35.802067700000066,-0.36137069999995219],[35.80199250000004,-0.36132059999994226],[35.801960600000029,-0.3612430999999674],[35.80198340000004,-0.36119529999996303],[35.802085900000066,-0.36119299999995746],[35.802126900000076,-0.36115429999995285],[35.802122300000065,-0.3610927999999376],[35.80208360000006,-0.3610175999999683],[35.802010700000039,-0.36096289999994724],[35.80192420000003,-0.36088769999997794],[35.80189450000006,-0.36080349999997452],[35.801828500000056,-0.36077379999994719],[35.801669000000061,-0.36076249999996435],[35.801511800000071,-0.36071459999993749],[35.801407100000063,-0.36073739999994814],[35.801372900000047,-0.36083759999996801],[35.801400200000046,-0.36095609999995304],[35.801404800000057,-0.361106399999926],[35.801359200000036,-0.36122719999997344],[35.801302300000032,-0.36129319999997733],[35.801206600000057,-0.36129319999997733],[35.801104100000032,-0.36118159999995214],[35.801022100000068,-0.36116339999995262],[35.800917300000037,-0.36116339999995262],[35.800862600000073,-0.36111329999994268],[35.800846700000079,-0.36099479999995765],[35.800764700000059,-0.36086949999997842],[35.800664400000073,-0.36075559999994766],[35.800564200000053,-0.36069869999994353],[35.800518600000032,-0.36061439999997447],[35.800448000000074,-0.36051189999994904],[35.800359200000059,-0.36044809999992822],[35.800247500000069,-0.36044129999993402],[35.800117700000044,-0.36046629999992774],[35.799990100000059,-0.36045949999993354],[35.79991270000005,-0.36037289999995892],[35.799878500000034,-0.36025449999993953],[35.799807900000076,-0.36017019999997046],[35.799728200000061,-0.36008589999994456],[35.79954360000005,-0.36008819999995012],[35.799397900000031,-0.360083599999939],[35.799274800000035,-0.36004939999997987],[35.799158700000078,-0.36006079999992835],[35.799063000000046,-0.36002669999993486],[35.798992400000031,-0.35987179999995078],[35.799006000000077,-0.3597304999999551],[35.799058400000035,-0.35961889999992991],[35.799140400000056,-0.35949589999995624],[35.799158700000078,-0.35940249999993057],[35.799115400000062,-0.35927259999994021],[35.799072100000046,-0.35913819999996122],[35.799119900000051,-0.35896739999992633],[35.799208800000031,-0.35876239999993231],[35.799201900000071,-0.35867119999994657],[35.799172300000066,-0.35859379999993735],[35.799056200000052,-0.35855959999997822],[35.798842000000036,-0.35859839999994847],[35.798723600000073,-0.35859839999994847],[35.798673500000064,-0.35851179999997385],[35.798632400000031,-0.35840469999993729],[35.798618800000042,-0.3583386999999334],[35.798632400000031,-0.35806529999996428],[35.798638100000062,-0.35800149999994346],[35.798610800000063,-0.35785909999992782],[35.798608500000057,-0.35771899999997459],[35.798625600000037,-0.35756529999997611],[35.798667800000032,-0.35734889999997677],[35.798690500000077,-0.35726569999997082],[35.798787400000037,-0.3571950999999558],[35.798829500000068,-0.35709259999993037],[35.798789600000077,-0.35693659999992633],[35.798737200000062,-0.35687279999996235],[35.798673500000064,-0.35678729999995085],[35.798630200000048,-0.3566836999999623],[35.798581200000058,-0.35658459999996239],[35.798570900000072,-0.35654469999997218],[35.798556100000042,-0.35649919999997337],[35.798487800000032,-0.35646959999996852],[35.798430800000062,-0.35643309999994699],[35.798391000000038,-0.35632719999995288],[35.798386400000027,-0.35624969999997802],[35.798405800000069,-0.35616999999996324],[35.798405800000069,-0.35608569999993733],[35.798368200000027,-0.3560287999999332],[35.798321500000043,-0.35593539999996437],[35.798297600000069,-0.3558259999999791],[35.798241800000028,-0.35577589999996917],[35.798190500000032,-0.35569959999997991],[35.798155200000053,-0.35555839999994987],[35.798110800000075,-0.35548549999992929],[35.79807210000007,-0.35547069999995529],[35.797988900000064,-0.35547409999992396],[35.797917200000029,-0.35545469999993884],[35.797836300000029,-0.35540229999998019],[35.797803300000055,-0.35533279999992828],[35.797754300000065,-0.35520069999995485],[35.797696200000075,-0.35513579999997091],[35.797609600000044,-0.35510729999992918],[35.797508300000061,-0.35502759999997124],[35.797425100000055,-0.35490459999994073],[35.797347700000046,-0.35486469999995052],[35.797282700000039,-0.35480889999996634],[35.797217800000055,-0.35472799999996596],[35.797126700000035,-0.35467679999993607],[35.797047000000077,-0.35462669999992613],[35.797000300000036,-0.35457079999997632],[35.796969500000046,-0.35441939999992655],[35.796922800000061,-0.35433509999995749],[35.796832800000061,-0.35420979999997826],[35.796773600000051,-0.3541470999999774],[35.796705300000042,-0.35410159999997859],[35.796664300000032,-0.35402179999994132],[35.796589100000062,-0.35397629999994251],[35.796509400000048,-0.35391019999997297],[35.796402300000068,-0.35388289999997369],[35.796322600000053,-0.35384869999995772],[35.796263300000078,-0.3537848999999369],[35.796179000000052,-0.35375989999994317],[35.796108400000037,-0.35368009999996275],[35.795996800000069,-0.35361409999995885],[35.79596040000007,-0.35359809999994241],[35.795928500000059,-0.3534933999999339],[35.795962600000053,-0.35342269999995324],[35.796028700000079,-0.35337949999995999],[35.796128900000042,-0.35332929999992757],[35.796147100000042,-0.35325869999996939],[35.796142600000053,-0.35316529999994373],[35.796169900000052,-0.35303999999996449],[35.796229200000028,-0.35294209999995019],[35.796231400000067,-0.35288059999993493],[35.796261000000072,-0.35280539999996563],[35.796254200000078,-0.35275069999994457],[35.796158500000047,-0.35268919999992931],[35.796087900000032,-0.35267099999992979],[35.796024100000068,-0.35260039999997161],[35.795999100000074,-0.35250929999995151],[35.79600140000008,-0.35242039999997132],[35.795985400000063,-0.35229279999992968],[35.795990000000074,-0.35221999999993159],[35.795946700000059,-0.35217209999996157],[35.795933000000048,-0.35207419999994727],[35.795962600000053,-0.35198079999997844],[35.796044600000073,-0.35194659999996247],[35.796099300000037,-0.3519579999999678],[35.796156300000064,-0.35200349999996661],[35.796215500000073,-0.35201489999997193],[35.796279300000037,-0.35195339999995667],[35.796472900000026,-0.35188739999995278],[35.796545800000047,-0.35180539999993243],[35.796575400000052,-0.3516936999999416],[35.796589100000062,-0.35156619999997929],[35.796611900000073,-0.35145449999993161],[35.796648300000072,-0.35138389999997344],[35.796721200000036,-0.35131099999995286],[35.796773600000051,-0.35131789999996954],[35.796803200000056,-0.35134289999996327],[35.796841900000061,-0.35142489999992677],[35.796830500000056,-0.35157069999996793],[35.796828300000072,-0.35170509999994692],[35.796880700000031,-0.35177569999996194],[35.796987700000045,-0.35181669999997212],[35.797103900000025,-0.35180309999992687],[35.797261100000071,-0.35172789999995757],[35.79733630000004,-0.35163909999994303],[35.79747750000007,-0.35155709999997953],[35.797580000000039,-0.35152969999995776],[35.797608800000035,-0.35151079999997137],[35.79765290000006,-0.35148189999995338],[35.797730400000034,-0.3514089999999328],[35.797898900000064,-0.35139529999997876],[35.797976400000039,-0.35138159999996788],[35.798021900000037,-0.35131789999996954],[35.798021900000037,-0.35123129999993807],[35.797976400000039,-0.35117659999997386],[35.797910300000069,-0.35114469999996345],[35.797898900000064,-0.35107409999994843],[35.797937700000034,-0.35095789999996896],[35.798021900000037,-0.35093059999996967],[35.798035600000048,-0.35089419999997062],[35.798001400000032,-0.3508120999999278],[35.797908000000064,-0.35068909999995412],[35.797848800000054,-0.35055929999992941],[35.797757700000034,-0.35040669999995089],[35.797687100000076,-0.35034519999993563],[35.797568600000034,-0.35015149999992445],[35.79756180000004,-0.35004449999996723],[35.797639200000049,-0.34993059999993648],[35.797719000000029,-0.34986909999997806],[35.797835100000043,-0.34982349999995677],[35.797855600000048,-0.34976429999994707],[35.797837400000049,-0.34970959999992601],[35.797659700000054,-0.34965259999995624],[35.79750260000003,-0.34960939999996299],[35.797416000000055,-0.34953419999993685],[35.797347700000046,-0.34949549999993224],[35.797254300000077,-0.34949769999997216],[35.797160900000051,-0.34955919999993057],[35.797099400000036,-0.34957289999994146],[35.797026500000072,-0.34954099999993105],[35.796994600000062,-0.34945669999996198],[35.79691710000003,-0.34932459999993171],[35.796816900000067,-0.34923799999995708],[35.796725800000047,-0.34916739999994206],[35.796646000000067,-0.34903529999996863],[35.796545800000047,-0.34892369999994344],[35.796479700000077,-0.34880749999996397],[35.796466100000032,-0.34866169999997965],[35.796507100000042,-0.34851589999993848],[35.796607300000062,-0.34840889999992442],[35.796668800000077,-0.34838609999997061],[35.796737200000052,-0.34830409999995027],[35.796748500000035,-0.34820839999997588],[35.796714400000042,-0.34813089999994418],[35.796703000000036,-0.34803979999992407],[35.796748500000035,-0.34798739999996542],[35.796755400000052,-0.34793729999995548],[35.796714400000042,-0.34783249999992449],[35.796725800000047,-0.34774369999996679],[35.79676900000004,-0.34764339999992444],[35.796819200000073,-0.34758649999997715],[35.796841900000061,-0.34751819999996769],[35.796796400000062,-0.34742479999994202],[35.796746300000052,-0.34740429999993694],[35.796684800000037,-0.34738149999992629],[35.796627800000067,-0.34729949999996279],[35.796586800000057,-0.34721519999993689],[35.796575400000052,-0.34702159999994819],[35.796577700000057,-0.34688259999995807],[35.796554900000046,-0.34680509999992637],[35.796536700000047,-0.34674139999992803],[35.796472900000026,-0.34670719999996891],[35.796406800000057,-0.34667069999994737],[35.796324800000036,-0.34657729999997855],[35.796213200000068,-0.34651359999998022],[35.796167700000069,-0.34644069999995963],[35.796197300000074,-0.34632449999998016],[35.796160800000052,-0.34621509999993805],[35.796062900000038,-0.34615139999993971],[35.795928500000059,-0.34608759999997574],[35.795869200000027,-0.34600329999994983],[35.795828200000074,-0.34587569999996504],[35.795832800000028,-0.34559779999995044],[35.795837300000073,-0.34545199999996612],[35.795814600000028,-0.3453357999999298],[35.795759900000064,-0.34521049999995057],[35.795743900000048,-0.34507839999997714],[35.795782700000075,-0.34487339999992628],[35.795823700000028,-0.34470249999992575],[35.795821400000079,-0.34458859999995184],[35.795784900000058,-0.34443599999997332],[35.795659700000044,-0.3443653999999583],[35.795543500000065,-0.3443721999999525],[35.795466000000033,-0.3444405999999276],[35.795397700000024,-0.34444969999992736],[35.795304300000055,-0.34437449999995806],[35.795281500000044,-0.34428109999993239],[35.795327100000065,-0.34418319999997493],[35.795363500000065,-0.34407149999992725],[35.795329300000049,-0.3439143999999601],[35.795231400000034,-0.34375259999995933],[35.79506740000005,-0.3435908999999242],[35.795012700000029,-0.34350429999994958],[35.794910200000061,-0.34333119999996597],[35.794807700000035,-0.34326739999994516],[35.794673300000056,-0.34319679999993014],[35.794573000000071,-0.34314439999997148],[35.794502400000056,-0.34303049999994073],[35.79445910000004,-0.34293479999996634],[35.794397600000025,-0.3428459999999518],[35.794368000000077,-0.34272749999996677],[35.794247300000052,-0.34231059999996205],[35.794188100000042,-0.34202589999995325],[35.794071900000063,-0.34187779999996337],[35.793926100000078,-0.34169789999992872],[35.793855500000063,-0.34142679999996517],[35.793803100000048,-0.34122179999997115],[35.793750700000032,-0.3408891999999355],[35.793693700000063,-0.34075699999993958],[35.79368240000008,-0.34070689999992965],[35.793714200000068,-0.34060899999997218],[35.793805400000053,-0.34055889999996225],[35.793896500000074,-0.34049739999994699],[35.793992200000048,-0.34045859999997674],[35.794122000000073,-0.34039939999996705],[35.794197200000042,-0.34034469999994599],[35.79421080000003,-0.34025589999993144],[35.794229100000052,-0.34014649999994617],[35.794279200000062,-0.33998249999996233],[35.794343000000026,-0.33981619999997292],[35.794363500000031,-0.33967729999994845],[35.794308800000067,-0.33955199999996921],[35.794286000000056,-0.33946309999993218],[35.794265500000051,-0.33936749999998028],[35.794313400000078,-0.33926499999995485],[35.794352100000026,-0.33911459999995941],[35.794363500000031,-0.33897569999993493],[35.794356600000071,-0.33884129999995594],[35.794413600000041,-0.33868409999996629],[35.794445500000052,-0.33859749999993483],[35.794518400000072,-0.33845169999995051],[35.794627700000035,-0.3382853999999611],[35.79473020000006,-0.33819659999994656],[35.794775800000025,-0.33812369999992598],[35.794942100000071,-0.33793689999993148],[35.795024100000035,-0.33779109999994716],[35.795090200000061,-0.33772959999993191],[35.795169900000076,-0.33763619999996308],[35.795311100000049,-0.33756559999994806],[35.795370300000059,-0.33746309999997948],[35.79536580000007,-0.33735829999994849],[35.795400000000029,-0.33723749999995789],[35.79540680000008,-0.33702799999997524],[35.795468300000039,-0.33685709999997471],[35.79554580000007,-0.33675459999994928],[35.795609500000069,-0.33665659999996933],[35.795609500000069,-0.33653359999993882],[35.795598100000063,-0.3363877999999545],[35.795641400000079,-0.33625799999992978],[35.795634600000028,-0.33612819999996191],[35.795639200000039,-0.33591859999995677],[35.795687000000044,-0.33578649999992649],[35.795766700000058,-0.33564979999994193],[35.795826000000034,-0.33555869999997867],[35.795926200000054,-0.33549489999995785],[35.796015000000068,-0.33533309999995708],[35.796108400000037,-0.33521469999993769],[35.796113000000048,-0.33512129999996887],[35.796163100000058,-0.3350870999999529],[35.796261000000072,-0.33509169999996402],[35.796324800000036,-0.33507799999995314],[35.796393200000068,-0.33504379999993716],[35.796472900000026,-0.33505069999995385],[35.796516200000042,-0.33498459999992747],[35.796586800000057,-0.33490709999995261],[35.796696100000077,-0.334868399999948],[35.796789500000045,-0.33485019999994847],[35.796821400000056,-0.33479099999993878],[35.796803200000056,-0.33465879999994286],[35.796741700000041,-0.33459279999993896],[35.796618700000067,-0.33452439999996386],[35.796568600000057,-0.33441049999993311],[35.796498000000042,-0.33432849999996961],[35.796466100000032,-0.33421689999994442],[35.796434200000078,-0.33391849999992473],[35.796429600000067,-0.33375449999994089],[35.796472900000026,-0.3335676999999464],[35.796479700000077,-0.33346519999997781],[35.796548100000052,-0.33340589999994563],[35.796659700000077,-0.33340369999996256],[35.796800900000051,-0.33345829999996113],[35.796955800000035,-0.3334924999999771],[35.797083400000076,-0.33342869999995628],[35.797154000000035,-0.33328519999997752],[35.797183600000039,-0.33315079999994168],[35.797240600000066,-0.33303229999995665],[35.79729530000003,-0.3329047999999375],[35.79738640000005,-0.33279539999995222],[35.797457000000065,-0.33271339999993188],[35.79758460000005,-0.33263139999996838],[35.797716700000024,-0.33261999999996306],[35.797819200000049,-0.33267009999997299],[35.797939900000074,-0.33273169999995389],[35.798042400000043,-0.33273619999994253],[35.79810400000008,-0.33269979999994348],[35.798154100000033,-0.33267009999997299],[35.798268000000064,-0.33260639999997466],[35.798470700000053,-0.33263369999997394],[35.798607400000037,-0.33262689999997974],[35.798757700000067,-0.33256309999995892],[35.798908100000062,-0.33250839999993786],[35.799012900000037,-0.33244229999996833],[35.799113100000056,-0.3324104999999804],[35.799170100000026,-0.33234669999995958],[35.79927710000004,-0.33228969999993296],[35.799400100000071,-0.33223959999997987],[35.799598300000071,-0.33223279999992883],[35.799721300000044,-0.33218489999995882],[35.799776000000065,-0.33204139999998006],[35.79981250000003,-0.33192299999996067],[35.79994460000006,-0.33178169999996499],[35.800049400000034,-0.33165189999994027],[35.800067600000034,-0.33155619999996588],[35.79999470000007,-0.33138309999992543],[35.799976500000071,-0.33118489999992562],[35.799981000000059,-0.33104139999994686],[35.79995370000006,-0.33086369999995213],[35.799978700000054,-0.33079759999992575],[35.799976500000071,-0.33071109999997361],[35.799887600000034,-0.33063129999993635],[35.799807900000076,-0.3304672999999525],[35.799728200000061,-0.33028959999995777],[35.799666700000046,-0.33012329999996837],[35.799634800000035,-0.32998209999993833],[35.799593800000025,-0.3298043999999436],[35.799518600000056,-0.32969739999992953],[35.79947530000004,-0.32957429999993337],[35.799361400000066,-0.32943989999995438],[35.79929530000004,-0.32928049999992481],[35.799224700000025,-0.32917109999993954],[35.799101700000051,-0.32913699999994606],[35.798976400000072,-0.32905039999997143],[35.798835200000042,-0.32891829999994115],[35.798707600000057,-0.32876789999994571],[35.798621100000048,-0.32854239999994661],[35.798532200000068,-0.32843079999997826],[35.798443400000053,-0.32841479999996182],[35.798354500000073,-0.32836699999995744],[35.798352300000033,-0.32821209999997336],[35.798290700000052,-0.32802529999997887],[35.798217900000054,-0.32787719999993215],[35.79813130000008,-0.32774279999995315],[35.798035600000048,-0.32766769999994949],[35.797926300000029,-0.32758559999996351],[35.797885300000075,-0.32742389999992838],[35.797901200000069,-0.32730089999995471],[35.797846500000048,-0.3271345999999653],[35.797835100000043,-0.32702529999994567],[35.797887500000058,-0.32689089999996668],[35.79791490000008,-0.32680659999994077],[35.797965000000033,-0.32659469999993007],[35.79788300000007,-0.32631679999997232],[35.79786480000007,-0.32615959999992583],[35.797828300000049,-0.32601379999994151],[35.797714400000075,-0.3258087999999475],[35.797623300000055,-0.32559239999994816],[35.797637000000066,-0.32544429999995828],[35.797680200000059,-0.32530079999997952],[35.79769390000007,-0.32517319999993788],[35.797678000000076,-0.32493409999995038],[35.797589100000039,-0.32477459999995517],[35.797507100000075,-0.32461739999996553],[35.79736360000004,-0.32444429999992508],[35.797258800000066,-0.32432129999995141],[35.797154000000035,-0.32413449999995692],[35.797015100000067,-0.32399319999996123],[35.796830500000056,-0.32372669999995196],[35.796755400000052,-0.32356039999996256],[35.796764500000052,-0.32339639999997871],[35.796721200000036,-0.32319369999993341],[35.796621000000073,-0.32302279999993289],[35.796516200000042,-0.32293619999995826],[35.796468300000072,-0.32293169999996962],[35.796406800000057,-0.32299779999993916],[35.796308900000042,-0.32304099999993241],[35.796204100000068,-0.32302959999992709],[35.796147100000042,-0.32302959999992709],[35.796097000000032,-0.32300399999996898]]},"properties":{"OBJECTID":7,"FID":22112,"osm_id":"999275732","code":8102,"fclass":"stream","width":0,"name":"Marashoni","SHAPE_Length":0.068232403639947301}},{"type":"Feature","id":8,"geometry":{"type":"LineString","coordinates":[[35.818908900000054,-0.40635889999992969],[35.81897500000008,-0.40619949999995697],[35.818970400000069,-0.40606049999996685],[35.818899800000054,-0.40601949999995668],[35.818831500000044,-0.40603999999996176],[35.818779100000029,-0.40606729999996105],[35.81871760000007,-0.40606049999996685],[35.818674300000055,-0.4059465999999361],[35.818651500000044,-0.40581679999996823],[35.81854670000007,-0.40579169999995202],[35.818385000000035,-0.4058189999999513],[35.818252900000061,-0.40578489999995782],[35.818180000000041,-0.40568689999997787],[35.818129900000031,-0.40553199999993694],[35.818116200000077,-0.40537249999994174],[35.818134400000076,-0.40519709999995257],[35.818189100000041,-0.40504449999997405],[35.818195900000035,-0.40484629999997424],[35.818052400000056,-0.40471879999995508],[35.817920300000026,-0.40462079999997513],[35.817854200000056,-0.40452289999996083],[35.817719800000077,-0.40444999999994025],[35.817594500000041,-0.40446359999992865],[35.817530700000077,-0.40451599999994414],[35.817430500000057,-0.40462539999992941],[35.817314300000078,-0.40466859999997951],[35.817207300000064,-0.40463449999992918],[35.817134400000043,-0.40440439999997579],[35.817125300000043,-0.40428819999993948],[35.817086500000073,-0.40417659999997113],[35.817045500000063,-0.40406499999994594],[35.817015900000058,-0.40400349999993068],[35.816972600000042,-0.40392149999996718],[35.816945300000043,-0.40374609999997801],[35.816993100000047,-0.40338839999992615],[35.81700150000006,-0.40335679999992635],[35.817022700000052,-0.4032767999999578],[35.816988600000059,-0.40304439999994202],[35.817009100000064,-0.40283029999994824],[35.817061500000079,-0.40254099999992832],[35.817031900000075,-0.40228809999996429],[35.816988600000059,-0.40211499999998068],[35.817018200000064,-0.40191909999992959],[35.817093400000033,-0.4017573999999513],[35.817220900000052,-0.40154089999992948],[35.817289300000027,-0.401372399999957],[35.817389500000047,-0.40111269999994192],[35.817455600000073,-0.40102379999996174],[35.817551200000025,-0.40086889999997766],[35.817621900000063,-0.40062519999997903],[35.817628300000024,-0.40054639999993924],[35.817635500000051,-0.40045889999993278],[35.817692500000078,-0.40027669999994941],[35.817756300000042,-0.40011489999994865],[35.817824600000051,-0.39997369999997545],[35.817867900000067,-0.39986889999994446],[35.817867900000067,-0.39974819999997635],[35.817927100000077,-0.39966619999995601],[35.817954500000042,-0.39958639999997558],[35.818002300000046,-0.39939049999992449],[35.818034200000056,-0.3992947999999501],[35.818145800000025,-0.39922189999992952],[35.81823920000005,-0.39911939999996093],[35.818373600000029,-0.39892119999996112],[35.818480700000066,-0.39879369999994196],[35.818647000000055,-0.39862279999994144],[35.818710700000054,-0.39852029999997285],[35.818895300000065,-0.39843149999995831],[35.818986400000028,-0.39839049999994813],[35.819095700000048,-0.39840869999994766],[35.819175500000028,-0.3984063999999421],[35.819223300000033,-0.3983539999999266],[35.819305300000053,-0.39833579999992708],[35.819389600000079,-0.39827429999996866],[35.819492100000048,-0.3981216999999333],[35.819590100000028,-0.39798269999994318],[35.819697100000042,-0.39788929999997436],[35.819788200000062,-0.39773669999993899],[35.819847500000037,-0.39757719999994379],[35.819945400000051,-0.39751569999992853],[35.820059300000025,-0.39749289999997472],[35.820177800000067,-0.39749519999998029],[35.820273500000042,-0.3974746999999752],[35.820312200000046,-0.39740409999996018],[35.820289400000036,-0.39723319999995965],[35.820170900000051,-0.39700539999995499],[35.820132200000046,-0.39687329999992471],[35.820070700000031,-0.39672299999995175],[35.820045700000037,-0.39653849999996282],[35.820025200000032,-0.39638359999997874],[35.819943100000046,-0.39619899999996733],[35.819879400000048,-0.39607599999993681],[35.819804200000078,-0.39600309999997307],[35.819685700000036,-0.39591429999995853],[35.819596900000079,-0.39574799999996912],[35.819512600000053,-0.39563859999992701],[35.819410100000027,-0.39554299999997511],[35.819225600000038,-0.39542679999993879],[35.819057000000043,-0.39519219999993993],[35.818904400000065,-0.39502589999995052],[35.818836000000033,-0.39486869999996088],[35.818799600000034,-0.3946613999999613],[35.81874490000007,-0.39454749999993055]]},"properties":{"OBJECTID":8,"FID":22105,"osm_id":"999275716","code":8102,"fclass":"stream","width":0,"name":"Marashoni","SHAPE_Length":0.015618841328543765}},{"type":"Feature","id":9,"geometry":{"type":"LineString","coordinates":[[35.714422047000028,-0.26775420299992447],[35.714589400000079,-0.26777469999996129]]},"properties":{"OBJECTID":9,"FID":5800,"osm_id":"597886807","code":8101,"fclass":"river","width":0,"name":"","SHAPE_Length":0.00016860353981100365}},{"type":"Feature","id":10,"geometry":{"type":"LineString","coordinates":[[35.812756100000058,-0.38736489999996593],[35.812794800000063,-0.38728069999996251],[35.812806200000068,-0.38723049999993009],[35.812781100000052,-0.38717359999992595],[35.812742400000047,-0.38710529999997334],[35.812726400000031,-0.38706199999995761],[35.812749200000042,-0.38701409999993075],[35.812787900000046,-0.38697999999993726],[35.812799300000052,-0.38692299999996749],[35.812835800000073,-0.38685699999996359],[35.812906400000031,-0.38681369999994786],[35.812961100000052,-0.38682509999995318],[35.813004400000068,-0.3868113999999423],[35.813070400000072,-0.38680909999993673],[35.813213900000051,-0.38678859999993165],[35.813366600000052,-0.38673169999992751],[35.81346220000006,-0.38670889999997371],[35.81351010000003,-0.38674079999992728],[35.813548800000035,-0.38674309999993284],[35.813605700000039,-0.38672029999997903],[35.813644500000066,-0.38673389999996743],[35.813690000000065,-0.38673849999997856],[35.813733300000024,-0.38672259999992775],[35.813762900000029,-0.38674529999997276],[35.813803900000039,-0.38672479999996767],[35.813810800000056,-0.38669069999997419],[35.813856300000054,-0.38669289999995726],[35.81389960000007,-0.38667929999996886],[35.81390870000007,-0.38663829999995869],[35.81389960000007,-0.38655169999992722],[35.813901900000076,-0.38644459999994751],[35.81392690000007,-0.38635349999992741],[35.813936100000035,-0.3862327999999593],[35.813895100000025,-0.38610979999992878],[35.813854000000049,-0.38602779999996528],[35.81382670000005,-0.38585689999996475],[35.81386770000006,-0.38572709999994004],[35.813885900000059,-0.38559719999994968],[35.813872300000071,-0.38547879999993029],[35.81391780000007,-0.3853762999999617],[35.81387680000006,-0.38523049999997738],[35.813781200000051,-0.38518949999996721],[35.813733300000024,-0.38514389999994592],[35.81371050000007,-0.3850732999999309],[35.813774300000034,-0.38502089999997224],[35.813801700000056,-0.38497299999994539],[35.813797100000045,-0.38489099999992504],[35.813778900000045,-0.38478629999997338],[35.813699100000065,-0.38468599999993103],[35.813580700000045,-0.3846677999999315],[35.813501000000031,-0.38470879999994168],[35.813416700000062,-0.3848112999999671],[35.81333920000003,-0.38486369999992576],[35.813234400000056,-0.38490019999994729],[35.813138800000047,-0.3848932999999306],[35.813065900000026,-0.38483859999996639],[35.812949700000047,-0.38477259999996249],[35.812917800000037,-0.38462449999997261],[35.812940600000047,-0.38450379999994766],[35.812977000000046,-0.38438529999996263],[35.812979300000052,-0.38432839999995849],[35.812920100000042,-0.38425089999992679],[35.812847200000078,-0.38420539999992798],[35.812774300000058,-0.3840640999999323],[35.812649000000079,-0.38391379999995934],[35.812585200000058,-0.38382719999992787],[35.812560100000042,-0.38372239999995372],[35.812446200000068,-0.38359709999997449],[35.812412100000074,-0.38349919999996018],[35.812457600000073,-0.38339889999997467],[35.812446200000068,-0.38333739999995942],[35.812407500000063,-0.38325539999993907],[35.812446200000068,-0.38317109999997001],[35.812544200000048,-0.38307089999995014],[35.812612500000057,-0.38305949999994482],[35.812710500000037,-0.38310279999996055],[35.812774300000058,-0.38310049999995499],[35.812831200000062,-0.38299799999992956],[35.812890500000037,-0.38290919999997186],[35.812897300000031,-0.38278839999992442],[35.812933700000031,-0.38269049999996696],[35.812961100000052,-0.3826289999999517],[35.812938300000042,-0.38255149999997684],[35.812847200000078,-0.38248549999997294],[35.812760600000047,-0.38247179999996206],[35.812728700000036,-0.38251279999997223],[35.812653500000067,-0.3826221999999575],[35.812562400000047,-0.38264949999995679],[35.812439400000073,-0.38266319999996767],[35.812362000000064,-0.38263349999994034],[35.812311800000032,-0.38256749999993644],[35.812245800000028,-0.38247409999996762],[35.812248100000033,-0.38238979999994172],[35.812209300000063,-0.38232599999997774],[35.812136400000043,-0.38226449999996248],[35.812054400000079,-0.38222579999995787],[35.812022500000069,-0.38218019999993658],[35.81203620000008,-0.38208909999997331],[35.812100000000044,-0.38204129999996894],[35.812152400000059,-0.38194329999993215],[35.812129600000048,-0.38190459999992754],[35.812090900000044,-0.3818976999999677],[35.812056700000028,-0.38186809999996285],[35.812070400000039,-0.38181569999994736],[35.812063500000079,-0.38176329999993186],[35.812011100000063,-0.38171099999993885],[35.811949600000048,-0.38171549999992749],[35.811915500000055,-0.38176329999993186],[35.811863100000039,-0.38182259999996404],[35.811803800000064,-0.38182939999995824],[35.811626200000035,-0.38174509999993234],[35.811553300000071,-0.38168129999996836],[35.81149860000005,-0.38159929999994802],[35.81150770000005,-0.3815354999999272],[35.811573800000076,-0.38149449999997387],[35.81160570000003,-0.38143759999996973],[35.811576000000059,-0.38137379999994891],[35.811516800000049,-0.38134189999993851],[35.81146670000004,-0.38129179999992857],[35.811409800000035,-0.38128039999998009],[35.811311800000055,-0.381259899999975],[35.81125030000004,-0.38119159999996555],[35.81125030000004,-0.38107769999993479],[35.811229800000035,-0.38099569999997129],[35.811161500000026,-0.38094549999993887],[35.81107940000004,-0.38083619999997609],[35.811054400000046,-0.38075419999995574],[35.811017900000024,-0.38070639999995137],[35.810935900000061,-0.38069039999993493],[35.810894900000051,-0.38065169999993032],[35.810860800000057,-0.38056509999995569],[35.810883500000045,-0.38046489999993582],[35.810858500000052,-0.38039199999997209],[35.810758200000066,-0.38028259999992997],[35.810669400000052,-0.38007529999993039],[35.810585100000026,-0.37990449999995235],[35.810491700000057,-0.37972679999995762],[35.810414300000048,-0.37965389999993704],[35.810391500000037,-0.3795741999999791],[35.810398300000031,-0.37945349999995415],[35.810453000000052,-0.37933729999997468],[35.810489400000051,-0.37920969999993304],[35.810535000000073,-0.37900919999992766],[35.810516800000073,-0.37887259999996559],[35.810468900000046,-0.37867669999997133],[35.810462100000052,-0.3785057999999708],[35.810409700000037,-0.37828259999997726],[35.810368700000026,-0.37816869999994651],[35.810300400000074,-0.3780615999999668],[35.810259400000064,-0.37801599999994551],[35.810175100000038,-0.37800239999995711],[35.809910800000068,-0.37807069999996656],[35.809578200000033,-0.37807529999997769],[35.80937780000005,-0.37795219999992469],[35.809273000000076,-0.37771529999997711],[35.809232000000065,-0.3774738999999272],[35.809181900000056,-0.37728709999993271],[35.809145400000034,-0.377045599999974],[35.809104400000024,-0.37671759999994947],[35.809131800000046,-0.37648979999994481],[35.809140900000045,-0.37620729999997593],[35.809154500000034,-0.37602959999992436],[35.809077100000025,-0.37584739999994099],[35.80889030000003,-0.37575629999997773],[35.808712600000035,-0.37573349999996708],[35.808621500000072,-0.37564239999994697],[35.808571400000062,-0.37544639999993024],[35.808496200000036,-0.375134399999979],[35.808437000000026,-0.37486099999995304],[35.808243300000072,-0.37477439999997841],[35.808115800000053,-0.37471289999996316],[35.808031500000027,-0.37462639999995417],[35.808008700000073,-0.37448509999995849],[35.807913000000042,-0.37431199999997489],[35.807910700000036,-0.37413429999998016]]},"properties":{"OBJECTID":10,"FID":22110,"osm_id":"999275721","code":8102,"fclass":"stream","width":0,"name":"Marashoni","SHAPE_Length":0.019766543285713051}},{"type":"Feature","id":11,"geometry":{"type":"LineString","coordinates":[[35.811159600000053,-0.34219419999993761],[35.81130980000006,-0.34181329999995569],[35.811470700000029,-0.34163899999992964],[35.811730900000043,-0.34146199999997862],[35.811983000000055,-0.34119639999994433],[35.812224400000048,-0.34093889999996918],[35.812393400000076,-0.34068949999993947],[35.812562400000047,-0.34045079999992822],[35.812739400000055,-0.34025229999997464],[35.812887000000046,-0.34003239999992729],[35.81297550000005,-0.33976679999994985],[35.813066700000036,-0.33954149999993888],[35.81318200000004,-0.33939399999997022],[35.81334830000003,-0.33926529999996546],[35.813557500000059,-0.33904259999997066],[35.813769400000069,-0.33883879999996225],[35.814037600000063,-0.33861349999995127],[35.814367700000048,-0.33814869999997654],[35.814599000000044,-0.33785569999997733],[35.814706900000033,-0.33717729999995072],[35.814809700000069,-0.33658629999996492],[35.814820000000054,-0.33587189999997236],[35.815174600000034,-0.3352397999999539],[35.815688600000044,-0.33438149999994948],[35.816094600000042,-0.33350259999997434],[35.816433800000027,-0.33289099999996097],[35.816512000000046,-0.33253969999992705],[35.816726200000062,-0.33240089999992506]]},"properties":{"OBJECTID":11,"FID":1503,"osm_id":"244394780","code":8102,"fclass":"stream","width":0,"name":"","SHAPE_Length":0.011627890254479559}},{"type":"Feature","id":12,"geometry":{"type":"LineString","coordinates":[[35.798451900000032,-0.33527899999995725],[35.798445700000059,-0.3352533999999423],[35.798429700000042,-0.33522829999992609],[35.798428600000079,-0.33519699999993691],[35.798416600000053,-0.3351610999999366],[35.798414900000068,-0.33512579999995751],[35.798364200000037,-0.33507119999995894],[35.798324300000047,-0.33503299999995306],[35.798287900000048,-0.3349566999999638],[35.798237200000074,-0.33487979999995332],[35.798235500000033,-0.3348091999999383],[35.798219000000074,-0.33475219999996852],[35.798208700000032,-0.33456319999993411],[35.798135800000068,-0.33430349999997588],[35.798135800000068,-0.33413259999997535],[35.798138100000074,-0.33395489999998063],[35.798060700000065,-0.33372489999993604],[35.798026500000049,-0.3335676999999464],[35.798024200000043,-0.33348109999997178],[35.797994600000038,-0.3332145999999625],[35.798026500000049,-0.33307789999997794],[35.79810400000008,-0.33293439999994234],[35.798129000000074,-0.33283419999997932],[35.79810400000008,-0.33269979999994348]]},"properties":{"OBJECTID":12,"FID":22086,"osm_id":"999275697","code":8102,"fclass":"stream","width":0,"name":"","SHAPE_Length":0.002706367997617819}},{"type":"Feature","id":13,"geometry":{"type":"LineString","coordinates":[[35.736983200000054,-0.25695339999992939],[35.73698980000006,-0.25694939999993949]]},"properties":{"OBJECTID":13,"FID":5818,"osm_id":"597900656","code":8102,"fclass":"stream","width":0,"name":"","SHAPE_Length":7.7175125525899966e-06}},{"type":"Feature","id":14,"geometry":{"type":"LineString","coordinates":[[35.81874490000007,-0.39454749999993055],[35.818592300000034,-0.39438349999994671],[35.81849660000006,-0.3942695999999728],[35.81835540000003,-0.39411469999993187],[35.818305300000077,-0.39405319999997346],[35.818277900000055,-0.39396199999993087],[35.818234600000039,-0.39387999999996737],[35.818170900000041,-0.39379349999995839],[35.818111600000066,-0.39367729999997891],[35.818070600000055,-0.39362719999996898],[35.817984100000047,-0.39339939999996432],[35.817947600000025,-0.39318979999995918],[35.817861100000073,-0.39303939999996373],[35.817783600000041,-0.39299839999995356],[35.817676500000061,-0.39300759999997581],[35.817549000000042,-0.39296429999996008],[35.817462400000068,-0.39285949999992908],[35.817305200000078,-0.39261569999996482],[35.817236900000069,-0.39243119999997589],[35.817125300000043,-0.39230369999995673],[35.816972600000042,-0.39216239999996105],[35.816911100000027,-0.39203709999992498],[35.816899700000079,-0.39191179999994574],[35.816867800000068,-0.39182759999994232],[35.816760800000054,-0.39175239999997302],[35.816697000000033,-0.39162479999993138],[35.816662800000074,-0.39153369999996812],[35.816551200000049,-0.39140379999997776],[35.816410000000076,-0.39120109999993247],[35.816373500000054,-0.3911167999999634],[35.816321100000039,-0.39097559999993337],[35.816239100000075,-0.39087529999994786],[35.81619580000006,-0.39075919999993403],[35.816091000000029,-0.39074089999996886],[35.816009000000065,-0.39072039999996377],[35.81594750000005,-0.39066809999997076],[35.81592930000005,-0.39055639999997993],[35.815867800000035,-0.39048579999996491],[35.815676500000052,-0.39026259999997137],[35.815544300000056,-0.39010989999997037],[35.815202600000077,-0.38984339999996109],[35.815134300000068,-0.38981149999995068],[35.814961200000027,-0.3897249999999417],[35.814813100000038,-0.38959509999995134],[35.814715100000058,-0.38943339999997306],[35.814589800000078,-0.3892647999999781],[35.814419000000044,-0.38913719999993646],[35.814366600000028,-0.38906429999997272],[35.814323300000069,-0.38906659999997828],[35.81427780000007,-0.38903019999997923],[35.814229900000043,-0.38891629999994848],[35.81413880000008,-0.38887069999992718],[35.814002100000039,-0.38884109999997918],[35.813954300000034,-0.38878869999996368],[35.813819900000055,-0.38875229999996463],[35.813728800000035,-0.38868849999994382],[35.813633100000061,-0.38865429999992784],[35.813557900000035,-0.38860419999997475],[35.813444000000061,-0.38860419999997475],[35.813291400000026,-0.38865889999993897],[35.813136500000041,-0.38873399999994263],[35.812981600000057,-0.38875909999995883],[35.812911000000042,-0.38875449999994771],[35.812844900000073,-0.38870669999994334]]},"properties":{"OBJECTID":14,"FID":22106,"osm_id":"999275717","code":8102,"fclass":"stream","width":0,"name":"Marashoni","SHAPE_Length":0.0090661370315246702}},{"type":"Feature","id":15,"geometry":{"type":"LineString","coordinates":[[35.745814300000063,-0.38503359999992881],[35.745539400000041,-0.3851823999999624],[35.745289900000046,-0.38524009999997588],[35.744648900000072,-0.3855270999999334],[35.744483900000034,-0.38562229999996589],[35.744407500000079,-0.3856665999999791]]},"properties":{"OBJECTID":15,"FID":26040,"osm_id":"1086788606","code":8102,"fclass":"stream","width":0,"name":"","SHAPE_Length":0.0015497996186848906}},{"type":"Feature","id":16,"geometry":{"type":"LineString","coordinates":[[35.819101200000034,-0.39525369999995519],[35.819116200000053,-0.39513749999997572],[35.81911400000007,-0.39504859999993869],[35.819047900000044,-0.39496659999997519],[35.818968200000029,-0.39488919999996597],[35.81888390000006,-0.39473429999992504],[35.81874490000007,-0.39454749999993055]]},"properties":{"OBJECTID":16,"FID":22104,"osm_id":"999275715","code":8102,"fclass":"stream","width":0,"name":"Marashoni","SHAPE_Length":0.00083170906575720635}},{"type":"Feature","id":17,"geometry":{"type":"LineString","coordinates":[[35.767605200000048,-0.26747929999993403],[35.766987400000062,-0.26654899999994086],[35.76627510000003,-0.26619279999994205],[35.76627510000003,-0.26589479999995547],[35.766028000000063,-0.26567679999993743],[35.76623150000006,-0.26527699999996912],[35.766653100000042,-0.26499349999994593],[35.767183700000032,-0.26417219999996178],[35.766929300000072,-0.26380149999994273],[35.766987400000062,-0.26348899999993591],[35.767212700000073,-0.2636197999999581],[35.767423500000064,-0.26301659999995763],[35.76770700000003,-0.26287119999994957],[35.768288400000074,-0.26181729999996151],[35.768986200000029,-0.26109049999996614],[35.769843900000069,-0.26096689999997125],[35.770439900000042,-0.26079969999995001],[35.770730600000036,-0.26029099999993832],[35.771130400000061,-0.26022549999993316],[35.771486500000037,-0.2599856999999588],[35.772431400000073,-0.25893179999997074],[35.772780300000079,-0.25861199999997098],[35.77388510000003,-0.2580595999999673],[35.774379300000078,-0.25731819999992922],[35.77481540000008,-0.25711469999993142],[35.775556800000061,-0.2562279999999646],[35.775411400000053,-0.25529759999994894],[35.774975300000051,-0.25468709999995554],[35.775469600000065,-0.25384399999995821],[35.775716700000032,-0.25202689999997574],[35.776211000000046,-0.25176519999996572],[35.777606500000047,-0.25205599999992501],[35.777955400000053,-0.24961379999996325],[35.779234600000052,-0.2477240999999708],[35.779263700000058,-0.24574709999996003],[35.77911830000005,-0.24371199999995952],[35.78104490000004,-0.24105459999992718]]},"properties":{"OBJECTID":17,"FID":1507,"osm_id":"244394785","code":8101,"fclass":"river","width":0,"name":"Turi","SHAPE_Length":0.035766451819148483}},{"type":"Feature","id":18,"geometry":{"type":"LineString","coordinates":[[35.79579410000008,-0.37066489999995156],[35.795826000000034,-0.37061939999995275],[35.795876100000044,-0.37056699999993725],[35.795871500000032,-0.37048719999995683],[35.795826000000034,-0.37037329999992608],[35.795810000000074,-0.37023439999995844],[35.795853300000033,-0.37006579999996347],[35.795857800000078,-0.36991769999997359],[35.795830500000079,-0.36975369999993291],[35.795798600000069,-0.369639799999959],[35.795655100000033,-0.36951679999992848],[35.795491100000049,-0.36940519999996013],[35.795381700000064,-0.36931629999997995],[35.79533390000006,-0.36921609999996008],[35.795320200000049,-0.36912039999992885],[35.795256400000028,-0.36889719999993531],[35.795188100000075,-0.36878559999996696],[35.795090200000061,-0.36869899999993549],[35.794971700000076,-0.36861929999997756],[35.794910200000061,-0.36848259999993616],[35.794853200000034,-0.36838689999996177],[35.794800800000075,-0.36819559999997864],[35.79477810000003,-0.3680611999999428],[35.79480540000003,-0.36787209999994275],[35.794798600000036,-0.36781509999997297],[35.794753000000071,-0.36768989999995938],[35.794771200000071,-0.3675417999999695],[35.794803100000024,-0.36740279999997938],[35.794919300000061,-0.36732079999995904],[35.794964900000025,-0.36711349999995946],[35.79500360000003,-0.36703149999993911],[35.795051400000034,-0.36691529999995964],[35.795092400000044,-0.3668264999999451],[35.79504460000004,-0.36671939999996539],[35.79502860000008,-0.36661239999995132],[35.794989900000076,-0.36645969999995032],[35.79497850000007,-0.36631849999997712],[35.795015000000035,-0.36625239999995074],[35.795012700000029,-0.36614309999993111],[35.79498760000007,-0.3660291999999572],[35.795083300000044,-0.36596089999994774],[35.795140300000071,-0.36590849999993225],[35.795115200000055,-0.36565789999997378],[35.795122000000049,-0.36548249999992777],[35.795140300000071,-0.3653594999999541],[35.795247300000028,-0.36525239999997439],[35.79532480000006,-0.36519319999996469],[35.795320200000049,-0.3650883999999337],[35.79522460000004,-0.36494259999994938],[35.795222300000034,-0.36480589999996482],[35.795213200000035,-0.36463509999992993],[35.795163100000025,-0.36448239999992893],[35.795160800000076,-0.36437079999996058],[35.795210900000029,-0.36430929999994532],[35.795254200000045,-0.36418169999996053],[35.795251900000039,-0.3640199999999254],[35.795231400000034,-0.36388789999995197],[35.79518360000003,-0.36370789999995168],[35.795151700000076,-0.36359629999992649],[35.79518360000003,-0.36350969999995186],[35.795247300000028,-0.36345729999993637],[35.79532480000006,-0.363409499999932],[35.795393100000069,-0.36331379999995761],[35.795390900000029,-0.36315209999997933],[35.79542500000008,-0.36308829999995851],[35.795527500000048,-0.36305409999994254],[35.795620900000074,-0.36301999999994905],[35.795657400000039,-0.36297889999997324],[35.795664200000033,-0.3629219999999691],[35.795655100000033,-0.36286279999995941],[35.795648300000039,-0.36276709999992818],[35.795609500000069,-0.36259399999994457],[35.795591300000069,-0.36245729999996001],[35.795609500000069,-0.36232739999996966],[35.795616400000029,-0.36228639999995949],[35.795607300000029,-0.3622066999999447],[35.795636900000034,-0.36212239999997564],[35.795627800000034,-0.36200849999994489],[35.795661900000027,-0.36186959999997725],[35.795671000000027,-0.36179669999995667],[35.795716600000048,-0.36171919999992497],[35.795709800000054,-0.36164399999995567],[35.795714300000043,-0.36155519999994112],[35.795743900000048,-0.3614617999999723],[35.795782700000075,-0.36135249999995267],[35.795810000000074,-0.3612498999999616],[35.795851000000027,-0.36122029999995675],[35.795921600000042,-0.36114969999994173],[35.795930700000042,-0.36107909999992671],[35.795926200000054,-0.36100619999996297],[35.795949000000064,-0.36093329999994239],[35.795928500000059,-0.36085589999993317],[35.795942100000048,-0.36078979999996363],[35.795990000000074,-0.36068269999992708],[35.796028700000079,-0.36060979999996334],[35.796099300000037,-0.36053469999995968],[35.796163100000058,-0.36044809999992822],[35.796240500000067,-0.36035919999994803],[35.796261000000072,-0.36030689999995502],[35.796322600000053,-0.3602202999999804],[35.796411400000068,-0.36013599999995449],[35.796504800000037,-0.36008819999995012],[35.796541200000036,-0.36003349999992906],[35.796545800000047,-0.35995829999995976],[35.796570900000063,-0.35987179999995078],[35.796600500000068,-0.35979659999992464],[35.796648300000072,-0.35968039999994517],[35.796709800000031,-0.35959839999992482],[35.796746300000052,-0.35947989999993979],[35.796789500000045,-0.35934779999996636],[35.796816900000067,-0.35927039999995714],[35.796857900000077,-0.35919969999997647],[35.796914800000025,-0.35909949999995661],[35.796980900000051,-0.35902429999993046],[35.79705830000006,-0.3590015999999423],[35.797108500000036,-0.35894009999992704],[35.797142600000029,-0.35883749999993597],[35.797181400000056,-0.3587964999999258],[35.79725650000006,-0.35879199999993716],[35.797320300000024,-0.35877599999997756],[35.79740460000005,-0.35880569999994805],[35.79749570000007,-0.35880109999993692],[35.797550400000034,-0.35876009999992675],[35.79758460000005,-0.3587076999999681],[35.797657500000071,-0.35866669999995793],[35.797719000000029,-0.35859149999993178],[35.79774400000008,-0.35847759999995787],[35.79779190000005,-0.35841159999995398],[35.797962700000028,-0.35830449999997427],[35.798140400000079,-0.35827939999995806],[35.798274800000058,-0.3582110999999486],[35.798427400000037,-0.35813359999997374],[35.798534500000073,-0.35811089999992873],[35.798568700000033,-0.35807669999996961],[35.798602800000026,-0.35807439999996404],[35.798632400000031,-0.35806529999996428]]},"properties":{"OBJECTID":18,"FID":22091,"osm_id":"999275702","code":8102,"fclass":"stream","width":0,"name":"","SHAPE_Length":0.01523768814732116}},{"type":"Feature","id":19,"geometry":{"type":"LineString","coordinates":[[35.781383400000038,-0.29740099999997938],[35.781299100000069,-0.29737479999994321],[35.781200000000069,-0.297349699999927],[35.78112370000008,-0.2973360999999386],[35.78108050000003,-0.29733949999996412],[35.781044000000065,-0.29731669999995347],[35.781030300000054,-0.29727229999997462],[35.781030300000054,-0.29717889999994895],[35.781029000000046,-0.29707729999995536]]},"properties":{"OBJECTID":19,"FID":22120,"osm_id":"999275744","code":8104,"fclass":"drain","width":0,"name":"","SHAPE_Length":0.00059585280659742688}},{"type":"Feature","id":20,"geometry":{"type":"LineString","coordinates":[[35.793324700000028,-0.33651089999995065],[35.793675500000063,-0.33641059999996514],[35.793912400000067,-0.33631719999993948],[35.794206300000042,-0.33620559999997113],[35.794440900000041,-0.33610079999994014],[35.79466640000004,-0.33601199999992559],[35.794880600000056,-0.33591169999994008],[35.795053700000039,-0.33585019999992483],[35.795267800000033,-0.33577849999994669],[35.795444400000065,-0.33571699999993143],[35.795546900000033,-0.3356895999999665],[35.795591300000069,-0.3356656999999359],[35.795679000000064,-0.33566799999994146],[35.795766700000058,-0.33564979999994193]]},"properties":{"OBJECTID":20,"FID":22087,"osm_id":"999275698","code":8104,"fclass":"drain","width":0,"name":"","SHAPE_Length":0.0026000091331921352}},{"type":"Feature","id":21,"geometry":{"type":"LineString","coordinates":[[35.73698980000006,-0.25694939999993949],[35.73705810000007,-0.25697229999997262],[35.737286200000028,-0.25704859999996188],[35.737388100000032,-0.25707279999994626],[35.737436400000036,-0.25707279999994626],[35.737567800000079,-0.25694399999997586],[35.737613400000043,-0.2569412999999372],[35.737653700000067,-0.25695479999995996],[35.737680500000067,-0.25698959999994031],[35.737688500000047,-0.25703789999994342],[35.737691200000029,-0.25708349999996472],[35.737707300000068,-0.25712369999996554],[35.737739500000032,-0.25715859999996837],[35.737774400000035,-0.25724439999993365],[35.737801200000035,-0.25728199999997514],[35.737833400000056,-0.25731419999993932],[35.737911200000042,-0.25736779999994042],[35.73794330000004,-0.25739729999997962],[35.738080100000047,-0.25749119999994718],[35.738267900000039,-0.25761189999997214],[35.73845300000005,-0.25774329999995871],[35.738616600000057,-0.25784789999994473],[35.738790900000026,-0.2579176999999504],[35.738847300000032,-0.2579176999999504],[35.739075200000059,-0.25778089999994336],[35.739155700000026,-0.25778359999992517],[35.739421200000038,-0.25791229999992993],[35.739453400000059,-0.25794179999996913],[35.73949900000008,-0.25793379999993249],[35.739536600000065,-0.25791499999996859],[35.739579500000048,-0.25789889999992965],[35.73962240000003,-0.25789349999996602],[35.739668000000052,-0.25790429999995013],[35.739748500000076,-0.25794449999995095],[35.739783300000056,-0.25797399999993331],[35.73980750000004,-0.25801149999995232],[35.739839700000061,-0.25804639999995516],[35.739882600000044,-0.25806249999993724],[35.739928200000065,-0.25807049999997389],[35.739965700000027,-0.25804099999993468],[35.73998720000003,-0.25800349999997252],[35.740024700000049,-0.25797669999997197],[35.74005690000007,-0.25797669999997197],[35.740099800000053,-0.25797399999993331],[35.740223200000059,-0.25804909999993697],[35.740263500000026,-0.25808929999993779],[35.740279600000065,-0.25813489999995909],[35.74025000000006,-0.25819659999996247],[35.740247400000044,-0.25828239999992775],[35.740293000000065,-0.25833339999996952],[35.74042170000007,-0.25833339999996952],[35.740531700000076,-0.25838699999997061],[35.740574600000059,-0.25838699999997061],[35.74061480000006,-0.25836829999997235],[35.740628000000072,-0.25836419999995996],[35.740657700000042,-0.25835489999997208],[35.74071680000003,-0.25836289999995188],[35.741001100000062,-0.25863379999992731],[35.741035900000043,-0.25867669999996679],[35.741116400000067,-0.25875719999993407],[35.741218300000071,-0.25877859999997099],[35.741272000000038,-0.25880809999995336],[35.74136320000008,-0.25891809999995985],[35.741475800000046,-0.2589636999999243],[35.741513400000031,-0.25898789999996552],[35.741553600000032,-0.25900389999992512],[35.741588500000034,-0.25904149999996662],[35.741655500000036,-0.25906829999996717]]},"properties":{"OBJECTID":21,"FID":5819,"osm_id":"597900657","code":8102,"fclass":"stream","width":0,"name":"","SHAPE_Length":0.0059037140729608344}},{"type":"Feature","id":22,"geometry":{"type":"LineString","coordinates":[[35.753947200000027,-0.36427289999994628],[35.753819600000043,-0.36437539999997171],[35.753771800000038,-0.36445049999997536],[35.753673800000058,-0.36454849999995531],[35.753553100000033,-0.36463279999992437],[35.753334400000028,-0.36478309999995417],[35.753206800000044,-0.36486509999997452],[35.753104300000075,-0.36493799999993826],[35.75292440000004,-0.3649539999999547],[35.75278540000005,-0.36502689999997529],[35.752653300000077,-0.36504279999996925],[35.752534800000035,-0.36505189999996901],[35.752450500000066,-0.36514079999994919],[35.752338900000041,-0.36527519999992819],[35.752113400000042,-0.36540729999995847],[35.751983500000051,-0.36554849999993166],[35.751885600000037,-0.36568069999992758],[35.751830900000073,-0.36574899999993704],[35.751785400000074,-0.36589249999997264],[35.751739800000053,-0.36600409999994099],[35.751698800000042,-0.36605649999995649],[35.751566700000069,-0.36616589999994176],[35.751541600000053,-0.36623189999994565],[35.751571200000058,-0.36630479999996624],[35.751676000000032,-0.36636859999993021],[35.751696500000037,-0.36644149999995079],[35.751657800000032,-0.36660549999993464],[35.751594000000068,-0.36669659999995474],[35.751484700000049,-0.36674899999997024],[35.751427700000079,-0.36678549999993493],[35.751423200000033,-0.36684469999994462],[35.751493800000048,-0.36694039999997585],[35.751619100000028,-0.36702239999993935],[35.751846900000032,-0.36704289999994444],[35.751997200000062,-0.36704749999995556],[35.752120200000036,-0.36712039999997614],[35.752136200000052,-0.36719099999993432],[35.752129300000036,-0.3673230999999646],[35.75210880000003,-0.36743239999992738],[35.752177200000062,-0.36750759999995353],[35.752211300000056,-0.36758279999997967],[35.752270600000031,-0.36773539999995819],[35.752455100000077,-0.36795869999997421],[35.752507500000036,-0.36807709999993676],[35.752628200000061,-0.36811129999995273],[35.752746700000046,-0.36818649999997888],[35.752869700000076,-0.36825249999992593],[35.752931200000035,-0.36832999999995764],[35.75293350000004,-0.36844619999993711],[35.752954000000045,-0.36858969999997271],[35.752976800000056,-0.36866709999992509],[35.753022300000055,-0.36870809999993526],[35.75302460000006,-0.36879919999995536],[35.753063300000065,-0.36887209999997594],[35.753122500000075,-0.3689176999999404],[35.753136200000029,-0.36901339999997163],[35.75309980000003,-0.36911359999993465],[35.753088400000024,-0.36924119999997629],[35.753022300000055,-0.36935049999993907],[35.75295170000004,-0.3694393999999761],[35.752824100000055,-0.369534999999928],[35.75276260000004,-0.36962619999997059],[35.75264640000006,-0.36974459999993314],[35.75255530000004,-0.3698516999999697],[35.752500600000076,-0.36994739999994408],[35.752407300000073,-0.3700179999999591],[35.752275100000077,-0.3700179999999591],[35.752070100000026,-0.37001569999995354],[35.751871900000026,-0.36994739999994408],[35.751805900000079,-0.36994509999993852],[35.751723900000059,-0.36989719999996851],[35.751619100000028,-0.36987219999997478],[35.751525700000059,-0.36986989999996922],[35.751477800000032,-0.36982209999996485],[35.751471000000038,-0.36975599999993847],[35.751500600000043,-0.36968539999998029],[35.751493800000048,-0.36962159999995947],[35.751509700000042,-0.36954869999993889],[35.751505200000054,-0.36946669999997539],[35.751480100000038,-0.36935739999995576],[35.751407200000074,-0.36926849999997557],[35.751332000000048,-0.36925259999992477],[35.751215900000034,-0.3692866999999751],[35.751081500000055,-0.36928219999992962],[35.75094480000007,-0.36925259999992477],[35.750837700000034,-0.36926849999997557],[35.750717000000066,-0.36922289999995428],[35.75060760000008,-0.36920019999996612],[35.750518800000066,-0.36923659999996516],[35.750448200000051,-0.36924119999997629],[35.75032740000006,-0.36925259999992477],[35.750106500000072,-0.36924569999996493],[35.749958400000025,-0.36924119999997629],[35.749844500000052,-0.36919559999995499],[35.749746500000072,-0.36917509999994991],[35.749619000000052,-0.36912729999994554],[35.749507400000027,-0.36904299999997647],[35.749470900000063,-0.36894049999995104],[35.749393500000053,-0.3689244999999346],[35.749293200000068,-0.36882659999997713],[35.749211200000047,-0.3687240999999517],[35.749115500000073,-0.36861699999997199],[35.749035800000058,-0.36852359999994633],[35.748985700000048,-0.3684369999999717],[35.748944700000038,-0.3682798999999477],[35.748862700000075,-0.36824799999993729]]},"properties":{"OBJECTID":22,"FID":22139,"osm_id":"999275765","code":8102,"fclass":"stream","width":0,"name":"Chawachi","SHAPE_Length":0.013084511556424793}},{"type":"Feature","id":23,"geometry":{"type":"LineString","coordinates":[[35.816026700000066,-0.36221829999993815],[35.816520100000048,-0.36179179999993494],[35.816787300000044,-0.36123669999994945],[35.817291000000068,-0.36106199999994715],[35.817990000000066,-0.36082039999996596],[35.818178700000033,-0.36054649999994126]]},"properties":{"OBJECTID":23,"FID":1508,"osm_id":"244394786","code":8102,"fclass":"stream","width":0,"name":"","SHAPE_Length":0.0028735672597221275}},{"type":"Feature","id":24,"geometry":{"type":"LineString","coordinates":[[35.789981558000079,-0.48930899499993075],[35.788811500000065,-0.48942129999994677],[35.787662700000055,-0.48977619999993749],[35.787027600000044,-0.48988819999993893],[35.786597900000061,-0.49031789999997955],[35.785906800000078,-0.49054199999994808],[35.785140900000044,-0.49090629999994917],[35.784804700000052,-0.49129849999997077],[35.784020100000077,-0.49160669999997708],[35.783571800000061,-0.49226989999993975],[35.782946000000038,-0.49261539999997694],[35.782142800000031,-0.49429659999992737],[35.78146090000007,-0.49474489999994375],[35.780993900000055,-0.49566009999995231],[35.780470900000068,-0.49597769999996899],[35.78031210000006,-0.4965193999999542],[35.780302800000072,-0.49694899999997233],[35.780059900000026,-0.49725719999997864],[35.778920500000027,-0.49753739999994195],[35.777977100000044,-0.49719189999996161],[35.777510100000029,-0.49721049999993738],[35.776828300000034,-0.49770549999993818],[35.776464000000033,-0.49775219999997944],[35.775221800000054,-0.4972758999999769],[35.774857600000075,-0.49731329999997342],[35.774045000000058,-0.49665949999996428],[35.773606000000029,-0.49664079999996602],[35.773026900000048,-0.497014399999955],[35.771766000000071,-0.49653809999995246],[35.770346300000028,-0.49661279999997987],[35.769347000000039,-0.49698639999996885],[35.768384900000058,-0.49699569999995674],[35.767656400000078,-0.49730389999996305],[35.766741100000047,-0.4974346999999284]]},"properties":{"OBJECTID":24,"FID":25416,"osm_id":"1049395849","code":8102,"fclass":"stream","width":0,"name":"","SHAPE_Length":0.02802252573094545}},{"type":"Feature","id":25,"geometry":{"type":"LineString","coordinates":[[35.763326900000038,-0.34023769999993192],[35.763307500000053,-0.34025589999993144],[35.763277900000048,-0.34027409999993097],[35.763251700000069,-0.34031169999997246],[35.763211800000079,-0.34034019999995735],[35.763154900000075,-0.34040969999995241],[35.763121800000079,-0.34045979999996234],[35.763068300000043,-0.34050759999996671],[35.763027300000033,-0.34055889999996225],[35.762978300000043,-0.34063749999995707],[35.762913400000059,-0.34070119999995541],[35.762841600000058,-0.34073309999996582],[35.762755100000049,-0.3407467999999767],[35.762727700000028,-0.34077529999996159],[35.762641200000076,-0.34080489999996644],[35.762531000000024,-0.34084189999992986],[35.762473700000044,-0.34088229999997566],[35.762466900000049,-0.34094499999997652],[35.762472600000024,-0.34098829999993541],[35.76244870000005,-0.34103499999997666],[35.762414500000034,-0.34105769999996483],[35.762376900000049,-0.34105769999996483],[35.762346200000025,-0.34109759999995504],[35.762283500000024,-0.34117619999994986],[35.762215200000071,-0.34124909999997044],[35.762165100000061,-0.34133449999995946],[35.762136600000076,-0.34141879999992852],[35.76205340000007,-0.34148149999992938],[35.762009000000035,-0.34154869999997572],[35.76196230000005,-0.34161699999992834],[35.761882300000025,-0.34168219999997973]]},"properties":{"OBJECTID":25,"FID":22129,"osm_id":"999275755","code":8102,"fclass":"stream","width":0,"name":"","SHAPE_Length":0.002157812779869562}},{"type":"Feature","id":26,"geometry":{"type":"LineString","coordinates":[[35.770682500000078,-0.37295259999996233],[35.770750100000043,-0.37282599999997501],[35.770786000000044,-0.37273969999995415],[35.770842100000038,-0.37267929999995886],[35.770955800000024,-0.37258869999993749],[35.771203200000059,-0.37245199999995293],[35.77149090000006,-0.3723182999999608],[35.771559900000057,-0.37231249999996407],[35.771617500000048,-0.37229809999996633],[35.771652000000074,-0.3722606999999698],[35.771672100000046,-0.37217149999997901],[35.771666400000072,-0.37206649999995989],[35.771713900000066,-0.37199319999996305],[35.771837600000026,-0.37192119999997431],[35.771952600000077,-0.37186949999994567],[35.772051900000065,-0.37182769999992615],[35.772168400000055,-0.37176589999995713],[35.772249000000045,-0.37170839999993177],[35.772276300000044,-0.37161919999994097],[35.772289300000068,-0.37152849999995397],[35.772320900000068,-0.37148969999992687],[35.772431700000027,-0.37146089999993137],[35.772601400000042,-0.37142209999996112],[35.772725100000059,-0.37132859999996981],[35.772825800000078,-0.37127389999994875],[35.772939400000041,-0.37124519999997574],[35.773031500000059,-0.37122789999995121],[35.773079000000052,-0.37120489999995243],[35.773104900000078,-0.37118329999992739],[35.773143700000048,-0.37110419999993383],[35.773198400000069,-0.37100929999996879],[35.77323720000004,-0.37092299999994793],[35.773258800000065,-0.37086249999993015],[35.773290400000064,-0.37081359999996266],[35.773333600000058,-0.37077619999996614],[35.773418500000048,-0.37077049999993505],[35.773497600000042,-0.37075469999996358],[35.773579600000062,-0.37070859999994354],[35.773687500000051,-0.37063959999994722],[35.773786700000073,-0.37059639999995397],[35.773870100000067,-0.37058639999997922],[35.773933400000033,-0.37058199999995622],[35.774038500000074,-0.37056769999992412],[35.774101700000074,-0.37054899999992585],[35.774180900000033,-0.37051729999996041],[35.774261400000057,-0.37049429999996164],[35.774326100000053,-0.37049859999996215],[35.774401000000069,-0.37055329999992637],[35.774484400000063,-0.37064389999994773],[35.774543400000027,-0.37071149999997033],[35.774603800000079,-0.37072299999994129],[35.774698700000044,-0.37070719999996982],[35.774769200000037,-0.37066119999997227],[35.774822400000062,-0.37057919999995192],[35.774833900000033,-0.37050439999995888],[35.774828200000059,-0.37042669999993905],[35.77483680000006,-0.3703834999999458],[35.774881400000027,-0.37034759999994549],[35.77495760000005,-0.37036049999994702],[35.775046800000041,-0.37039359999994304],[35.77512020000006,-0.37041949999996859],[35.77519360000008,-0.37041519999996808],[35.77519360000008,-0.37037629999997534],[35.775137500000028,-0.37029579999995121],[35.775124500000061,-0.37019649999996318],[35.775137500000028,-0.37012609999993629],[35.775179200000025,-0.37005269999997381],[35.775243900000078,-0.36999229999997851],[35.775311500000043,-0.37002389999997831],[35.775382000000036,-0.37008869999993976],[35.77543090000006,-0.37011019999994232],[35.775472600000057,-0.37009009999997033],[35.775500000000079,-0.37002819999997882],[35.775518700000077,-0.36991459999995868],[35.775538800000049,-0.36979229999997187],[35.775558900000078,-0.36968439999992597],[35.775597800000071,-0.36964989999995623],[35.775698500000033,-0.36960959999993293],[35.775810700000079,-0.36955209999996441],[35.775868200000048,-0.36945999999994683],[35.775951600000042,-0.36936369999995122],[35.776000500000066,-0.36938379999998006],[35.776040800000033,-0.36943559999997433],[35.776050200000043,-0.36946509999995669],[35.776069600000028,-0.3694873999999686],[35.776094800000067,-0.36949459999993906],[35.776109200000064,-0.36947079999993093],[35.776115600000026,-0.36942049999993287],[35.77612860000005,-0.3693470999999704],[35.776146600000061,-0.36927089999994678],[35.776165300000059,-0.36919249999994008],[35.776174600000047,-0.36911049999997658],[35.77616960000006,-0.36902709999992567],[35.776180400000044,-0.36899469999997336],[35.776190400000075,-0.36896949999993467],[35.776221400000054,-0.36890479999993886],[35.77621490000007,-0.36886089999995875],[35.776207700000043,-0.36881129999994755],[35.776204800000073,-0.36877169999996795],[35.776181800000074,-0.36873579999996764],[35.776170300000047,-0.36868759999993017],[35.77617680000003,-0.36862719999993487],[35.776199800000029,-0.36855959999996912],[35.776236500000039,-0.3685465999999451],[35.776263800000038,-0.3685329999999567],[35.776304100000061,-0.36849919999997383],[35.776343600000075,-0.36844809999996642],[35.776391100000069,-0.3683926999999585],[35.776440000000036,-0.3683322999999632],[35.776442200000076,-0.36825609999993958],[35.776472400000046,-0.3682114999999726],[35.77655580000004,-0.36815969999997833],[35.77666940000006,-0.36810209999993049],[35.776781600000049,-0.36803449999996474],[35.776918300000034,-0.3679639999999722],[35.777067900000077,-0.36788779999994858],[35.777140600000052,-0.36784109999996417],[35.777206700000079,-0.36778499999996939],[35.777267100000074,-0.36772809999996525],[35.777306700000054,-0.36770729999994956],[35.777347000000077,-0.36771159999995007],[35.77738080000006,-0.36772739999997839],[35.777413100000047,-0.3677288999999746],[35.777437600000042,-0.36770939999996699],[35.777498000000037,-0.36756559999997762],[35.777601600000025,-0.36744759999993448],[35.777673500000049,-0.3673066999999719],[35.777738200000044,-0.36721169999992753],[35.777762700000039,-0.36714269999993121],[35.777759800000069,-0.36707359999996925],[35.77772820000007,-0.36700029999997241],[35.777695100000074,-0.36694269999992457],[35.777683600000046,-0.3668592999999305],[35.777736800000071,-0.36681759999993346],[35.777795800000035,-0.36675719999993817],[35.777823100000035,-0.36671399999994492],[35.777872000000059,-0.36665219999997589],[35.777931000000024,-0.36662629999995033],[35.77801160000007,-0.36665509999994583],[35.778109400000062,-0.36669959999994717],[35.778204300000027,-0.3667384999999399],[35.778250300000025,-0.36672119999997221],[35.778279100000077,-0.36665359999994962],[35.778303600000072,-0.36654139999996005],[35.778328000000045,-0.36641479999997273],[35.77835390000007,-0.36637309999997569],[35.778402800000038,-0.36636739999994461],[35.778453200000058,-0.36635869999997794],[35.778480500000057,-0.36627959999992754],[35.778509300000053,-0.36618039999996199],[35.778533700000025,-0.36614509999992606],[35.77855530000005,-0.36612139999994042],[35.778597000000048,-0.36610119999994595],[35.778656000000069,-0.36609689999994544],[35.77870850000005,-0.36609049999992749],[35.77874810000003,-0.36605229999997846],[35.77878190000007,-0.36598469999995586],[35.778847700000028,-0.36586319999997841]]},"properties":{"OBJECTID":26,"FID":25241,"osm_id":"1043627049","code":8102,"fclass":"stream","width":0,"name":"","SHAPE_Length":0.013231149455785556}},{"type":"Feature","id":27,"geometry":{"type":"LineString","coordinates":[[35.810414000000037,-0.35191969999993944],[35.810456900000077,-0.35170509999994692],[35.810424700000056,-0.35152269999997543],[35.810363000000052,-0.35135639999992918],[35.81031610000008,-0.35127599999992754],[35.810309300000029,-0.3512182999999709],[35.810320100000069,-0.35110159999993584],[35.810344200000031,-0.35095809999995708],[35.810380400000042,-0.35080119999997805],[35.81037770000006,-0.35071809999993775],[35.810408600000073,-0.35061749999994163],[35.810407200000043,-0.35049679999997352],[35.810432700000035,-0.3503505999999561],[35.810468900000046,-0.35019639999995889],[35.810507800000039,-0.3500407999999311],[35.810471600000028,-0.34995099999997592],[35.810435400000074,-0.34988389999995206],[35.810395200000073,-0.34978069999993977],[35.810419300000035,-0.34968009999994365],[35.810464900000056,-0.34961709999993218],[35.810515900000041,-0.34956739999995534],[35.81053200000008,-0.34950839999993377],[35.810513200000059,-0.34947629999993524],[35.810448800000074,-0.34950309999993578],[35.810338900000033,-0.34952049999992596],[35.810254400000076,-0.34945349999992459],[35.81016720000008,-0.34937429999996539],[35.810122900000067,-0.34936629999992874],[35.810070600000074,-0.3493769999999472],[35.810023700000045,-0.34943999999995867],[35.809976800000072,-0.34952589999994643],[35.80989900000003,-0.3495928999999478],[35.809827900000073,-0.34961839999994027],[35.80977020000006,-0.34964389999993273],[35.80969650000003,-0.34966939999992519],[35.809638800000073,-0.34965459999995119],[35.809554300000059,-0.34961039999996046],[35.809464500000047,-0.34953259999997499],[35.809451000000024,-0.34946019999995315],[35.809479200000055,-0.34937029999997549],[35.809495300000037,-0.34923619999995026],[35.80949460000005,-0.34921609999997827],[35.809494000000029,-0.34919459999997571],[35.80948520000004,-0.34916649999996707],[35.809463100000073,-0.34913289999997232],[35.809426900000062,-0.3490966999999614],[35.809369200000049,-0.34901219999994737],[35.809314200000074,-0.34892239999993535],[35.809259300000065,-0.34884059999995998],[35.809209600000031,-0.34880299999997533],[35.809118400000045,-0.34877349999993612],[35.808995100000061,-0.34873059999995348],[35.808928000000037,-0.34868229999995037],[35.808799300000032,-0.34852949999992688],[35.808638300000041,-0.3483309999999733],[35.808552500000076,-0.34824779999996736],[35.808351300000027,-0.34814859999994496],[35.808241400000043,-0.34809489999997822],[35.808093800000051,-0.34797419999995327],[35.807978500000047,-0.34784549999994852],[35.807865900000024,-0.34779449999996359],[35.807739800000036,-0.34778379999994513],[35.807603000000029,-0.34785089999996899],[35.807479600000079,-0.34796619999997347],[35.807313300000033,-0.34806009999994103],[35.807080000000042,-0.34807879999993929],[35.806830500000046,-0.34809489999997822],[35.806586400000072,-0.34812439999996059],[35.806473800000049,-0.3481726999999637],[35.80632090000006,-0.34825319999993098],[35.806197500000053,-0.3483309999999733],[35.806122400000049,-0.34834169999993492],[35.806039300000066,-0.34825859999995146],[35.80593470000008,-0.34810569999996233],[35.80593470000008,-0.34799029999993536],[35.805929300000059,-0.34780529999994769],[35.805905200000041,-0.34759609999997565],[35.805873000000076,-0.3473653999999442],[35.805897100000038,-0.3471990999999548],[35.805945400000041,-0.34706229999994775],[35.80607150000003,-0.34696579999996402],[35.806208300000037,-0.34687189999993961],[35.806213600000035,-0.34679949999997461],[35.806111700000031,-0.3466492999999673],[35.806031200000064,-0.34644809999997506],[35.805945400000041,-0.34622819999992771],[35.805891700000075,-0.34597069999995256],[35.805854200000056,-0.34582849999992504],[35.805814000000055,-0.34568899999993619],[35.805816600000071,-0.34551199999992832],[35.805862200000036,-0.34530819999997675],[35.805883700000038,-0.34508819999996376],[35.805779100000052,-0.34492189999997436],[35.80558330000008,-0.34472879999992756],[35.805355300000031,-0.34451159999997572],[35.805277500000045,-0.3442138999999429],[35.805213200000026,-0.34388129999996409],[35.805151500000079,-0.3435432999999648],[35.805124600000056,-0.34343199999995022],[35.805079000000035,-0.34330999999997402],[35.805079000000035,-0.34327239999993253],[35.805138100000079,-0.34321879999993143],[35.805170200000077,-0.34313559999992549],[35.80519970000006,-0.34301489999995738],[35.805282900000066,-0.34283249999992904],[35.805269500000065,-0.34273059999992483],[35.805249400000037,-0.34260189999997692],[35.805248000000063,-0.34248119999995197],[35.805265500000075,-0.34243419999995695],[35.80530170000003,-0.34237929999994776],[35.805299000000048,-0.34231889999995246],[35.805245300000024,-0.34221969999993007],[35.805186300000059,-0.34208959999995159],[35.805138100000079,-0.34193269999997256],[35.805119500000046,-0.34184549999997671],[35.805115300000068,-0.34182539999994788],[35.805160800000067,-0.34177439999996295],[35.805203800000072,-0.34171139999995148],[35.805210500000044,-0.34164699999996628],[35.805154100000038,-0.34156249999995225],[35.805091100000027,-0.34147269999994023],[35.805069700000047,-0.34140429999996513],[35.805084400000055,-0.34130639999995083],[35.805111200000056,-0.34117899999995416],[35.805138100000079,-0.34104489999992893],[35.805158200000051,-0.34090269999995826],[35.805134000000066,-0.34079679999996415],[35.805100500000037,-0.3406760999999392],[35.805105900000058,-0.34060899999997218],[35.805095100000074,-0.34052449999995815],[35.805038800000034,-0.34044139999997469],[35.804993200000069,-0.34035559999995257],[35.804990500000031,-0.34024429999993799],[35.805017400000054,-0.34012489999997797],[35.805053600000065,-0.34002029999993511],[35.805075000000045,-0.33990229999994881],[35.805030800000054,-0.3398083999999244],[35.804951600000038,-0.33961929999992435],[35.804916800000058,-0.33951869999992823],[35.804881900000055,-0.33940879999994422],[35.80483090000007,-0.3393497999999795],[35.804758500000048,-0.33929079999995793],[35.804663300000072,-0.33920889999996007],[35.804565400000058,-0.33911369999992758],[35.804456800000025,-0.33899369999994633],[35.804385700000068,-0.33892729999996618],[35.80429520000007,-0.33885489999994434],[35.804248200000075,-0.3387871999999561],[35.804197300000055,-0.33874289999994289],[35.804159700000071,-0.33872479999996585],[35.804135600000052,-0.33870739999997568],[35.804134900000065,-0.33867719999994961],[35.804155000000037,-0.33863499999995383],[35.804154400000073,-0.33860549999997147],[35.804131600000062,-0.33858999999995376],[35.804109400000073,-0.33856459999992694],[35.804101400000036,-0.33851429999992888],[35.804133600000057,-0.33846059999996214],[35.804137600000047,-0.33836409999997841],[35.804130900000075,-0.33824339999995345],[35.804090600000052,-0.33811459999992621],[35.804054400000041,-0.33796979999993937],[35.804054400000041,-0.3378463999999326],[35.804045100000053,-0.33770289999995384],[35.804041000000041,-0.33757279999997536],[35.804019600000061,-0.33750979999996389],[35.803979300000037,-0.33742799999993167],[35.803988700000048,-0.33733679999994592],[35.80400620000006,-0.33728449999995291],[35.804007500000068,-0.33722279999994953],[35.80399680000005,-0.33716919999994843],[35.803991400000029,-0.33708059999997886],[35.803992700000038,-0.33697469999992791],[35.804016900000079,-0.3369223999999349],[35.804132200000026,-0.33684599999997999],[35.804169800000068,-0.33677759999994805],[35.80419530000006,-0.33665949999993927],[35.80422070000003,-0.3365200999999729],[35.804265000000044,-0.33637389999995548],[35.804295800000034,-0.33622099999996635],[35.804281100000026,-0.33607079999995904],[35.804291800000044,-0.33601309999994555],[35.804328000000055,-0.33592729999998028],[35.80432060000004,-0.33589309999996431],[35.804320000000075,-0.33584749999994301],[35.804281800000069,-0.3357743999999343],[35.804241500000046,-0.33569399999993266],[35.804218100000071,-0.33564169999993965],[35.804189200000053,-0.33557729999995445],[35.804143000000067,-0.33551159999996116],[35.804090600000052,-0.33545929999996815],[35.804053100000033,-0.33541369999994686],[35.804011500000058,-0.3353425999999331],[35.804088000000036,-0.33521919999992633],[35.804120200000057,-0.33507839999992939],[35.80419390000003,-0.33495099999993272],[35.804269000000033,-0.33482359999993605],[35.804254300000025,-0.33476729999995314],[35.804214000000059,-0.33468949999996767],[35.804128200000036,-0.33460899999994353],[35.80400620000006,-0.33457149999992453],[35.803897500000062,-0.33453259999993179],[35.803880100000072,-0.33445879999993622],[35.803886800000043,-0.3343501999999603],[35.803839900000071,-0.33424959999996418],[35.803806300000076,-0.3340846999999485],[35.803782200000057,-0.33396399999998039],[35.803739300000075,-0.3338123999999425],[35.803689700000064,-0.33364879999993491],[35.803634700000032,-0.33348119999993742],[35.803579700000057,-0.33330149999994774],[35.803598500000078,-0.33320359999993343],[35.803621300000032,-0.33308689999995522],[35.80364940000004,-0.33294339999997646],[35.803629300000068,-0.33286289999995233],[35.803606500000058,-0.33276769999997668],[35.803630600000076,-0.33270739999994703],[35.803637400000071,-0.33263359999995146],[35.803617200000076,-0.33253969999992705],[35.803587700000037,-0.3324364999999716],[35.803554200000065,-0.33231979999993655],[35.803511300000025,-0.332292999999936],[35.803350400000056,-0.3322245999999609],[35.803123700000071,-0.33211599999992814],[35.803045900000029,-0.33202069999993],[35.802965500000028,-0.33190269999994371],[35.802890400000024,-0.33170689999997194],[35.802852800000039,-0.33137169999997695],[35.802775000000054,-0.33090499999997292],[35.802675800000031,-0.33078429999994796],[35.802560400000061,-0.33060989999995627],[35.802458500000057,-0.33052679999997281],[35.802421000000038,-0.33040339999996604],[35.802388800000074,-0.33020759999993743],[35.802415600000074,-0.33003059999992956],[35.80233510000005,-0.32991789999994126],[35.802206400000046,-0.32973549999996976],[35.802064200000075,-0.32954509999996162],[35.801997200000073,-0.3293573999999353]]},"properties":{"OBJECTID":27,"FID":25314,"osm_id":"1044651956","code":8102,"fclass":"stream","width":0,"name":"","SHAPE_Length":0.029621228251449219}},{"type":"Feature","id":28,"geometry":{"type":"MultiLineString","coordinates":[[[35.859977810000032,-0.27960570799996276],[35.85979851500008,-0.27673674699997264]],[[35.859762040000078,-0.27615310499993484],[35.859690729000079,-0.275012037999943]],[[35.860788935000073,-0.26916927399997803],[35.860490024000057,-0.26809315099995956]]]},"properties":{"OBJECTID":28,"FID":1497,"osm_id":"244394774","code":8101,"fclass":"river","width":0,"name":"","SHAPE_Length":0.0051347166365164655}},{"type":"Feature","id":29,"geometry":{"type":"LineString","coordinates":[[35.731868200000065,-0.24810749999994641],[35.731899500000054,-0.24809659999993983]]},"properties":{"OBJECTID":29,"FID":868,"osm_id":"206260024","code":8102,"fclass":"stream","width":0,"name":"Molo River","SHAPE_Length":3.3143626830307777e-05}},{"type":"Feature","id":30,"geometry":{"type":"LineString","coordinates":[[35.796805500000062,-0.35510499999998046],[35.796851100000026,-0.35504349999996521],[35.796918300000073,-0.3549603999999249],[35.796969500000046,-0.35490339999995513],[35.797010500000056,-0.35482709999996587],[35.797035600000072,-0.35476449999993065],[35.797052700000052,-0.35471779999994624],[35.797052700000052,-0.35467679999993607],[35.797047000000077,-0.35462669999992613]]},"properties":{"OBJECTID":30,"FID":22089,"osm_id":"999275700","code":8102,"fclass":"stream","width":0,"name":"","SHAPE_Length":0.00055526926462248522}},{"type":"Feature","id":31,"geometry":{"type":"LineString","coordinates":[[35.760840100000053,-0.35047759999997652],[35.760760700000048,-0.35057519999998021],[35.760669600000028,-0.35072559999997566],[35.760674100000074,-0.35081439999993336],[35.760703700000079,-0.35089419999997062],[35.760712800000078,-0.35102859999994962],[35.760801700000059,-0.35122899999993251],[35.760886000000028,-0.35132929999997486],[35.761018100000058,-0.35160719999993262],[35.761022700000069,-0.35170739999995249],[35.761043200000074,-0.35192609999995739],[35.761006700000053,-0.3520467999999255],[35.760938400000043,-0.35212199999995164],[35.760794900000064,-0.35217439999996714],[35.760633100000064,-0.3521834999999669],[35.76047820000008,-0.35221309999997175],[35.760355200000049,-0.35227919999994128],[35.760163800000043,-0.35235209999996187],[35.76011150000005,-0.35238399999997227],[35.760065900000029,-0.35244089999997641],[35.759995300000071,-0.35243179999997665],[35.75994970000005,-0.35236569999995027],[35.759854000000075,-0.35236349999996719],[35.759813000000065,-0.35239989999996624],[35.759749200000044,-0.35242949999997109],[35.759621700000025,-0.35244779999993625],[35.759537400000056,-0.35249329999993506],[35.759516900000051,-0.35258899999996629],[35.759487300000046,-0.35266639999997551],[35.759403000000077,-0.3527552999999557],[35.759373400000072,-0.35286009999992984],[35.759393900000077,-0.35301499999997077],[35.759428100000036,-0.35314479999993864],[35.759478200000046,-0.35322909999996455],[35.75952140000004,-0.35336119999993798],[35.759571600000072,-0.35352519999997867],[35.759605700000066,-0.3536436999999637],[35.759583000000077,-0.35376219999994873],[35.759514600000045,-0.35389199999997345],[35.759480400000029,-0.35394899999994323],[35.759446300000036,-0.35398079999993115],[35.759393900000077,-0.35405369999995173],[35.759359700000061,-0.35411749999997255],[35.759348300000056,-0.35416539999994257],[35.75930500000004,-0.35426789999996799],[35.75926400000003,-0.3543566999999257],[35.759245800000031,-0.35449109999996153],[35.759177500000078,-0.35454579999992575],[35.75906580000003,-0.35455489999992551],[35.758993000000032,-0.35461869999994633],[35.758824400000037,-0.35480549999994082],[35.758726400000057,-0.35491939999997157],[35.758646700000043,-0.35503559999995105],[35.758587500000033,-0.35513349999996535],[35.758516900000075,-0.35518819999992957],[35.758430300000043,-0.35523599999993394],[35.758398400000033,-0.35530439999996588],[35.758357400000079,-0.35549119999996037],[35.758311800000058,-0.35563239999993357],[35.758259400000043,-0.35577359999996361],[35.758079500000065,-0.35600599999997939],[35.757990600000028,-0.3561130999999591],[35.757915500000024,-0.35628159999993159],[35.757840300000055,-0.35643199999992703],[35.75777190000008,-0.35654359999995222],[35.757708200000025,-0.35665289999997185],[35.757746900000029,-0.35682379999997238],[35.757751400000075,-0.35695139999995718],[35.757710400000065,-0.35704019999997172],[35.757594300000051,-0.35710169999993013],[35.757507700000076,-0.35711309999993546],[35.757428000000061,-0.35719969999996692],[35.757366500000046,-0.35736139999994521],[35.757289000000071,-0.35748899999993],[35.757236600000056,-0.35762789999995448],[35.757145500000036,-0.35773039999997991],[35.757065800000078,-0.35781019999996033],[35.756988300000046,-0.35787389999995867],[35.756965500000035,-0.35803109999994831],[35.756874400000072,-0.35807899999997517],[35.756819700000051,-0.35809949999998025],[35.756769600000041,-0.3580447999999592],[35.756781000000046,-0.35795369999993909],[35.756806100000063,-0.35779649999994945],[35.756859600000041,-0.35764839999995957],[35.756852200000026,-0.35762339999996584],[35.756830600000058,-0.357608599999935],[35.756801500000051,-0.35760059999995519],[35.756719500000031,-0.35765069999996513],[35.756605600000057,-0.35773729999993975],[35.756462100000078,-0.3578647999999589],[35.756318600000043,-0.35792859999997972],[35.756177300000047,-0.35797189999993861],[35.756049800000028,-0.35807439999996404],[35.755945000000054,-0.35811089999992873],[35.755769600000065,-0.35820199999994884],[35.755610100000069,-0.35831129999996847],[35.755514400000038,-0.3584297999999535],[35.755380000000059,-0.35852999999997337],[35.75528440000005,-0.35857329999993226],[35.755124900000055,-0.3586620999999468],[35.75504520000004,-0.35875549999997247],[35.754949500000066,-0.35886489999995774],[35.75486520000004,-0.3589195999999788],[35.75475810000006,-0.35896279999997205],[35.754710300000056,-0.35903799999994135],[35.754687500000045,-0.35917239999997719],[35.754694400000062,-0.3592862999999511],[35.754712600000062,-0.35937519999993128],[35.754685300000062,-0.3594593999999347],[35.75462600000003,-0.35958239999996522],[35.75464420000003,-0.35963709999992943],[35.75463510000003,-0.35969629999993913],[35.754575900000077,-0.35969629999993913],[35.754530300000056,-0.35970549999996138],[35.754516700000067,-0.35976239999996551],[35.754503000000057,-0.35983079999994061],[35.754439200000036,-0.35983079999994061],[35.754411900000036,-0.3598648999999341],[35.754375400000072,-0.35991279999996095],[35.754309400000068,-0.35995149999996556],[35.754309400000068,-0.36003579999993462],[35.754323100000079,-0.36014739999995982],[35.754329900000073,-0.36026129999993373],[35.754295700000057,-0.36035009999994827],[35.754247900000053,-0.36045719999992798],[35.754188600000077,-0.36059839999995802],[35.754152200000078,-0.36066909999993868],[35.754143100000078,-0.36076699999995299],[35.754077000000052,-0.36081479999995736],[35.754024600000037,-0.36091049999993174],[35.753992700000026,-0.36110189999993736],[35.754026900000042,-0.36122029999995675],[35.754106600000057,-0.36137979999995196],[35.754131700000073,-0.36151189999992539],[35.754165900000032,-0.36166449999996075],[35.754241000000036,-0.36176019999993514],[35.754307100000062,-0.36186049999997749],[35.754320800000073,-0.36201759999994465],[35.754364100000032,-0.36223399999994399],[35.754434700000047,-0.36243449999994937],[35.754457500000058,-0.36262809999993806],[35.754409600000031,-0.36276939999993374],[35.754373200000032,-0.36287189999995917],[35.754254700000047,-0.36300859999994373],[35.754229700000053,-0.36312929999996868],[35.754220500000031,-0.36335029999997914],[35.754188600000077,-0.36351879999995163],[35.754108900000062,-0.36365779999994174],[35.754036000000042,-0.36373749999995653],[35.753988200000038,-0.36381729999993695],[35.753967700000032,-0.3639447999999561],[35.753922100000068,-0.36413389999995616],[35.753929000000028,-0.36422049999993078],[35.753947200000027,-0.36427289999994628]]},"properties":{"OBJECTID":31,"FID":22134,"osm_id":"999275760","code":8102,"fclass":"stream","width":0,"name":"Chawachi","SHAPE_Length":0.01911454622018522}},{"type":"Feature","id":32,"geometry":{"type":"MultiLineString","coordinates":[[[35.815078700000072,-0.34991229999997131],[35.816846700000042,-0.34802099999996017],[35.818080200000054,-0.3479387999999517],[35.818491300000062,-0.34699309999996331],[35.822068400000035,-0.34353939999994054],[35.824864300000058,-0.34156589999997777],[35.826796800000068,-0.33527519999995548],[35.827249100000074,-0.33449409999997215],[35.829263800000035,-0.33354839999992691],[35.831239100000062,-0.33105209999996532],[35.831351900000072,-0.33088969999994333],[35.831424100000049,-0.33063249999997879],[35.831586500000071,-0.33046549999994568],[35.831927200000052,-0.33027819999995245],[35.832717500000058,-0.32968349999993052],[35.834321000000045,-0.32853229999994937],[35.835143400000049,-0.32725769999996146],[35.835801200000049,-0.32668209999997089],[35.837587400000075,-0.3259378999999285],[35.837774800000034,-0.32585979999993242],[35.840652900000066,-0.32442079999992757],[35.842112800000052,-0.32301409999996622],[35.843304800000055,-0.32110979999993106],[35.844249700000034,-0.31917639999994663],[35.844860200000028,-0.31808619999992516],[35.845347000000061,-0.31716149999994059],[35.845580400000074,-0.3170917999999574],[35.845762800000045,-0.31684239999992769],[35.845918700000027,-0.31652269999995042],[35.845969300000036,-0.3163756999999805],[35.846109200000058,-0.31628569999998035],[35.848247786000059,-0.31603873499994961]],[[35.849498656000037,-0.31588446499995371],[35.849793085000044,-0.31584784999995463]]]},"properties":{"OBJECTID":32,"FID":1505,"osm_id":"244394783","code":8101,"fclass":"river","width":0,"name":"","SHAPE_Length":0.050339684075955321}},{"type":"Feature","id":33,"geometry":{"type":"LineString","coordinates":[[35.702276600000062,-0.32825629999996409],[35.702235100000053,-0.32815979999998035]]},"properties":{"OBJECTID":33,"FID":5822,"osm_id":"597901357","code":8102,"fclass":"stream","width":0,"name":"","SHAPE_Length":0.0001050452283428441}},{"type":"Feature","id":34,"geometry":{"type":"LineString","coordinates":[[35.784577500000069,-0.23723909999995385],[35.784389700000077,-0.23746629999993729],[35.784001700000033,-0.23766869999997198],[35.783858300000077,-0.2378711999999723],[35.783849900000064,-0.23806519999993725],[35.783647500000029,-0.2379891999999586],[35.783247900000049,-0.23818979999992962],[35.782875700000034,-0.23845449999993207],[35.782536300000061,-0.23869269999994458],[35.782285400000035,-0.23893089999995709],[35.782160900000065,-0.23949599999997417],[35.781941600000039,-0.23991039999992836],[35.781637900000078,-0.24026259999993727],[35.781390200000033,-0.24042489999993677],[35.781027400000028,-0.24045439999997598],[35.780907300000024,-0.24062419999995655],[35.780914600000074,-0.24079799999992701],[35.78104490000004,-0.24105459999992718],[35.781066400000043,-0.24136319999996658],[35.781049500000051,-0.24158249999993586],[35.780897700000025,-0.24190299999997933],[35.780931500000065,-0.24214759999995294],[35.78110010000006,-0.24234999999993079],[35.781311000000073,-0.24256089999994401],[35.781429100000025,-0.24292359999992641],[35.781530300000043,-0.24325249999992593],[35.781749600000069,-0.24348869999994349],[35.782019500000047,-0.24380079999997406],[35.782171400000038,-0.24407919999993055],[35.782103900000038,-0.24447559999993018],[35.782146100000034,-0.24477079999996931],[35.782388800000035,-0.24482439999997041],[35.782623500000057,-0.24492939999993268],[35.782926900000064,-0.24507819999996627],[35.783269300000029,-0.24523009999995793],[35.783517600000039,-0.24533459999997831],[35.783774200000039,-0.24527149999994435],[35.784037900000044,-0.24513649999994414],[35.784288500000059,-0.2453190999999606],[35.78439190000006,-0.24547389999997904],[35.784297000000038,-0.24593479999992951],[35.784221000000059,-0.24625529999997298],[35.78389210000006,-0.24640719999996463],[35.783942700000068,-0.24660109999996394],[35.783841500000051,-0.24679509999992888],[35.783968000000073,-0.24720849999994243],[35.783925800000077,-0.24735179999993306],[35.783688700000027,-0.2471819999999525],[35.783347000000049,-0.24690779999997403],[35.783014900000069,-0.24698069999993777],[35.782728100000043,-0.24697229999992487],[35.782719600000064,-0.24709879999994655],[35.782888300000025,-0.24749519999994618],[35.782927200000074,-0.24783999999993966],[35.783062200000074,-0.24814779999996972],[35.783107600000051,-0.24835559999996804],[35.783369100000073,-0.2486929999999461],[35.783779300000049,-0.24862239999993108],[35.784324300000037,-0.24832809999998062],[35.784423500000059,-0.24857489999993732],[35.784465700000055,-0.24914849999993294],[35.784727100000055,-0.24960389999995414],[35.785376600000063,-0.24977259999997159],[35.785191100000077,-0.24995819999998048],[35.784938000000068,-0.25018589999996266],[35.784853700000042,-0.25032929999997577],[35.784600600000033,-0.25048109999994495],[35.784524700000077,-0.25086069999997562],[35.784356000000059,-0.25113909999993211],[35.784406600000068,-0.25126559999995379],[35.784524700000077,-0.2513330999999539],[35.784752400000059,-0.25126559999995379],[35.784836800000051,-0.25145959999997558],[35.784963300000072,-0.25152709999997569],[35.785157300000037,-0.25161139999994475],[35.78543570000005,-0.25167039999996632],[35.78576460000005,-0.25179699999995364],[35.785857400000054,-0.25196569999997109],[35.785874300000046,-0.25235369999995783],[35.786009200000024,-0.25275849999997035],[35.786076700000024,-0.25317179999996142],[35.78589960000005,-0.25357669999993959],[35.785891100000072,-0.25392249999993055],[35.785933300000067,-0.25428519999996979],[35.786034500000028,-0.25455509999994774],[35.786135800000068,-0.25466039999997747],[35.786329800000033,-0.25483349999996108],[35.786523800000055,-0.25506969999997864],[35.786658700000032,-0.25523839999993925],[35.786776800000041,-0.25528899999994792],[35.786987700000054,-0.25557569999995167],[35.787088900000072,-0.25612399999994295],[35.787190100000032,-0.25642769999996062],[35.787476900000058,-0.25688309999992498],[35.787642500000061,-0.25700419999992619],[35.787681500000076,-0.25733759999997119],[35.78752860000003,-0.25764549999996689],[35.787266000000045,-0.25792059999997718],[35.787055200000054,-0.25813989999994646],[35.78700450000008,-0.25864599999994198],[35.787013000000059,-0.25889899999992849],[35.786970800000063,-0.25929549999995061],[35.787088900000072,-0.25954849999993712],[35.787266000000045,-0.25975939999995035],[35.787544400000058,-0.25998709999993252],[35.787864900000045,-0.26031609999995453],[35.787940800000058,-0.26066189999994549],[35.787923900000067,-0.26097399999997606],[35.787873300000058,-0.26121859999994967],[35.787662500000067,-0.2616149999999493],[35.787772100000041,-0.26184279999995397],[35.787974600000041,-0.26201989999992747],[35.788092600000027,-0.26219699999995782],[35.787999900000045,-0.26239949999995815],[35.787831200000028,-0.26269469999994044],[35.787983000000054,-0.26291399999996656],[35.788138900000035,-0.26301549999993767],[35.788548100000071,-0.26346229999995785],[35.788826500000027,-0.26358029999994415],[35.788911900000073,-0.26408639999993966],[35.789113300000054,-0.26431939999997667],[35.789601700000048,-0.26434579999994412],[35.789808500000049,-0.26454499999994141],[35.789604900000029,-0.26494259999992664],[35.78923130000004,-0.26532629999996971],[35.788978300000053,-0.26547819999996136],[35.788868600000058,-0.2659420999999611],[35.789020500000049,-0.26634689999997363],[35.789003600000058,-0.26670959999995603],[35.78873370000008,-0.26685299999996914],[35.788759000000027,-0.26713139999992563],[35.788927700000045,-0.26729159999996455],[35.789206000000036,-0.26738439999996899],[35.789248200000031,-0.26756999999997788],[35.789163900000062,-0.2678988999999774],[35.78926510000008,-0.26819419999992533],[35.789476000000036,-0.26832069999994701],[35.789745900000071,-0.26854839999992919],[35.789838700000075,-0.26878459999994675],[35.789788000000044,-0.26924849999994649],[35.789779600000031,-0.26959429999993745],[35.789619300000027,-0.26995699999997669],[35.789282000000071,-0.27023539999993318],[35.78880120000008,-0.27010879999994586],[35.788565000000062,-0.27018479999992451],[35.788379400000053,-0.27047149999992826],[35.788522800000067,-0.27075829999995449],[35.788716800000032,-0.27080049999995026],[35.788978300000053,-0.27066549999995004],[35.789206000000036,-0.27062339999997675],[35.789163900000062,-0.27086799999995037],[35.789003600000058,-0.27138249999995878],[35.788809600000036,-0.27177049999994551],[35.788877100000036,-0.2720740999999407],[35.789138600000058,-0.27224279999995815],[35.788944600000036,-0.27249589999996715],[35.788455300000066,-0.27267299999994066],[35.788084200000071,-0.2725886999999716],[35.787991400000067,-0.27225129999993669],[35.787746800000036,-0.27226809999996249],[35.787367200000062,-0.27239469999994981],[35.787181700000076,-0.2725886999999716],[35.786743100000024,-0.27274049999994077],[35.786405700000046,-0.27309469999994462],[35.786388800000054,-0.27333089999996218],[35.786388800000054,-0.27379479999996192],[35.786245400000041,-0.27425869999996166],[35.786177900000041,-0.27473949999995284],[35.786068300000068,-0.27531309999994846],[35.785882700000059,-0.27557459999997036],[35.785604400000068,-0.27571799999992663],[35.785385100000042,-0.27592039999996132],[35.785250100000042,-0.27613129999997454],[35.78523320000005,-0.27639269999997396],[35.785351300000059,-0.27665419999993901],[35.785638100000028,-0.27680599999996502],[35.785891100000072,-0.27714339999994309],[35.786043000000063,-0.27745549999997365],[35.786237000000028,-0.27770009999994727],[35.786447800000076,-0.27811339999993834],[35.786591200000032,-0.278088099999934],[35.786810500000058,-0.2779784999999606],[35.786970800000063,-0.27803749999992533],[35.787055200000054,-0.27830739999996013],[35.787122600000032,-0.27853519999996479],[35.787029800000028,-0.27899059999992915],[35.786810500000058,-0.27919309999992947],[35.786506900000063,-0.27938709999995126],[35.78636350000005,-0.27974979999993366],[35.786338200000046,-0.28016309999992473],[35.786447800000076,-0.28058479999992869],[35.78647310000008,-0.28096439999995937],[35.786405700000046,-0.28124269999995022],[35.786388800000054,-0.28161379999994551],[35.786270700000046,-0.28181629999994584],[35.786068300000068,-0.28186689999995451],[35.785849000000042,-0.28196809999997186],[35.785849000000042,-0.28235609999995859],[35.785916400000076,-0.28262599999993654],[35.785823700000037,-0.28276939999994966],[35.785924900000055,-0.28293809999996711],[35.786135800000068,-0.28299709999993183],[35.786346600000059,-0.282870599999967],[35.786456300000054,-0.28268509999998059],[35.786776800000041,-0.28273569999993242],[35.786810500000058,-0.28283689999994976],[35.786819000000037,-0.28319959999993216],[35.786793700000032,-0.28342729999997118],[35.786633400000028,-0.2840008999999668],[35.786380400000041,-0.28434669999995776],[35.786135800000068,-0.28430449999996199],[35.785983900000076,-0.28469249999994872],[35.785798400000033,-0.28492869999996628],[35.785536900000068,-0.28511429999997517],[35.78536820000005,-0.28534199999995735],[35.785224800000037,-0.28562879999992674],[35.78530070000005,-0.28583119999996143],[35.785444100000063,-0.28604209999997465],[35.785444100000063,-0.28635419999994838],[35.785258500000054,-0.28660719999993489],[35.784794600000055,-0.28696149999996123],[35.784592200000077,-0.28721449999994775],[35.784566900000073,-0.28747599999996964],[35.784777700000063,-0.28792299999997795],[35.784803000000068,-0.28829419999993888],[35.784482500000024,-0.28890149999995174],[35.78417040000005,-0.28939069999995581],[35.783875200000068,-0.28990519999996422],[35.783715000000029,-0.2899557999999729],[35.783461900000077,-0.29015819999995074],[35.783267900000055,-0.29048719999997274],[35.783014900000069,-0.2910860999999727],[35.78289680000006,-0.29142349999995076],[35.782702800000038,-0.29177769999995462],[35.782669000000055,-0.29211509999993268],[35.782550900000047,-0.29247779999997192],[35.782222000000047,-0.29267179999993687],[35.781960500000025,-0.29291639999996733],[35.781640000000039,-0.29312729999998055],[35.78130260000006,-0.29315259999992804],[35.781226700000047,-0.29344779999996717],[35.78110010000006,-0.29400449999997136],[35.780880800000034,-0.29451059999996687],[35.780720600000052,-0.29499979999997095],[35.780644700000039,-0.29557329999994408],[35.780670000000043,-0.29605409999993526],[35.780668100000071,-0.29615149999995083],[35.780709100000024,-0.29625629999992498],[35.78076580000004,-0.29646629999996321],[35.780741000000035,-0.29655699999995022],[35.780659000000071,-0.29665719999997009],[35.780492700000025,-0.29671649999994543],[35.780360600000051,-0.29679159999994909]]},"properties":{"OBJECTID":34,"FID":2893,"osm_id":"384718903","code":8102,"fclass":"stream","width":0,"name":"Mau stream","SHAPE_Length":0.08452866544600604}},{"type":"Feature","id":35,"geometry":{"type":"LineString","coordinates":[[35.819492100000048,-0.3981216999999333],[35.819471600000043,-0.39802599999995891],[35.819462500000043,-0.39797129999993786],[35.819407800000079,-0.39786199999997507],[35.819353100000058,-0.39774349999993319],[35.819339500000069,-0.39763189999996484],[35.819412400000033,-0.39759089999995467],[35.819489800000042,-0.39754759999993894],[35.819501200000047,-0.39742229999995971],[35.819455700000049,-0.39709659999994074],[35.819453400000043,-0.39690289999992956],[35.819464800000048,-0.39669109999994134],[35.819448800000032,-0.39647699999994757],[35.819382800000028,-0.39633799999995745],[35.819289400000059,-0.39605779999993729],[35.819088900000054,-0.39573889999996936],[35.819000100000039,-0.3955930999999282],[35.81893400000007,-0.39540169999997943],[35.81868570000006,-0.39510329999995975],[35.818610500000034,-0.39496889999998075],[35.818514800000059,-0.39471609999992552],[35.818503400000054,-0.39445409999996173],[35.818443100000025,-0.39421089999996184]]},"properties":{"OBJECTID":35,"FID":22103,"osm_id":"999275714","code":8102,"fclass":"stream","width":0,"name":"Marashoni","SHAPE_Length":0.0042904635994238868}},{"type":"Feature","id":36,"geometry":{"type":"LineString","coordinates":[[35.776546100000076,-0.34221609999997327],[35.776568900000029,-0.34215569999997797],[35.776576800000043,-0.34207719999994879],[35.776588200000049,-0.34201219999994237],[35.776648600000044,-0.34191429999992806],[35.776690700000074,-0.34180829999996831],[35.776786400000049,-0.34166709999993827],[35.776861600000075,-0.34154639999997016],[35.776924200000053,-0.34143819999997049],[35.776965200000063,-0.34125589999996464],[35.77698120000008,-0.34108619999994971],[35.777015400000039,-0.34100309999996625],[35.777034700000058,-0.34089029999995546],[35.777055200000063,-0.34085839999994505],[35.777096200000074,-0.34073309999996582],[35.777124700000059,-0.34064659999995683],[35.777173700000048,-0.34057589999997617],[35.777237500000069,-0.34051789999995208],[35.777313800000059,-0.34041989999997213],[35.777370700000063,-0.34032309999997779],[35.777416300000027,-0.34021489999997812],[35.777485800000079,-0.34014769999993177],[35.777559800000063,-0.34006799999997384],[35.777620200000058,-0.33995979999997417],[35.777678300000048,-0.33983669999997801],[35.777714700000047,-0.33979689999995344],[35.777799000000073,-0.33962149999996427],[35.777828600000078,-0.33950529999992796],[35.777828600000078,-0.33942559999997002],[35.777873000000056,-0.33932419999996455],[35.777974400000062,-0.33921479999997928],[35.778074600000025,-0.33914759999993294],[35.778231800000071,-0.33910659999997961],[35.778368500000056,-0.33908609999997452],[35.778463000000045,-0.33903939999993327],[35.778616800000066,-0.33900409999995418],[35.778760300000044,-0.33893009999997048],[35.778826400000071,-0.33886179999996102],[35.778926600000034,-0.33880019999998012],[35.779067800000064,-0.33870679999995446],[35.779245500000059,-0.33864079999995056],[35.779401600000028,-0.33854739999992489],[35.779490400000043,-0.33850179999996044],[35.779623700000059,-0.33841639999997142],[35.779734200000064,-0.33835719999996172],[35.779831000000058,-0.33832759999995687],[35.779897000000062,-0.3383001999999351],[35.780036000000052,-0.33827739999992446],[35.780137400000058,-0.33824099999992541],[35.780211400000042,-0.33823529999995117],[35.780290000000036,-0.3382193999999572],[35.780350400000032,-0.33822049999997716],[35.780410700000061,-0.33821369999992612],[35.780450600000052,-0.33817949999996699],[35.78050410000003,-0.33816009999992502],[35.780572500000062,-0.33816349999995055],[35.780611200000067,-0.3381230999999616]]},"properties":{"OBJECTID":36,"FID":22116,"osm_id":"999275736","code":8102,"fclass":"stream","width":0,"name":"","SHAPE_Length":0.0063119903909244057}},{"type":"Feature","id":37,"geometry":{"type":"LineString","coordinates":[[35.811561200000028,-0.40851159999994024],[35.811634100000049,-0.40850939999995717],[35.81174580000004,-0.40854579999995622],[35.811851700000034,-0.40860619999995151],[35.811949600000048,-0.40865509999997585],[35.812039600000048,-0.40866539999996121],[35.812128500000028,-0.40864489999995612],[35.812213900000074,-0.40866769999996677],[35.812318700000048,-0.40863809999996192],[35.812400700000069,-0.40858909999997195],[35.812479300000064,-0.40853779999997641],[35.812628500000073,-0.40852419999993117],[35.812734400000068,-0.40856859999996686],[35.812880200000052,-0.40859819999997171],[35.812940600000047,-0.40859929999993483],[35.813038500000062,-0.40856859999996686]]},"properties":{"OBJECTID":37,"FID":22092,"osm_id":"999275703","code":8102,"fclass":"stream","width":0,"name":"","SHAPE_Length":0.0015666922529019814}},{"type":"Feature","id":38,"geometry":{"type":"LineString","coordinates":[[35.768217900000025,-0.28088919999993323],[35.768783300000052,-0.28053979999992862],[35.769320100000073,-0.27951099999995677],[35.771311600000047,-0.27599319999995942],[35.772474600000066,-0.27362369999997327],[35.77308510000006,-0.27343469999993886],[35.774044500000059,-0.27209739999995008],[35.774669600000038,-0.27225729999997839],[35.775003900000058,-0.27187929999996641],[35.77570170000007,-0.27176299999996445],[35.777678700000024,-0.2721700999999257],[35.778739900000062,-0.27196649999996225],[35.780731400000036,-0.27211189999997032],[35.781530900000064,-0.27234449999997423],[35.783042800000032,-0.27052739999993491],[35.784903500000041,-0.26919009999994614],[35.787302000000068,-0.26683509999998023],[35.787243900000078,-0.26555589999992435],[35.787509100000079,-0.2635262999999668],[35.787928300000033,-0.26350539999992861],[35.788138900000035,-0.26301549999993767]]},"properties":{"OBJECTID":38,"FID":1504,"osm_id":"244394781","code":8102,"fclass":"stream","width":0,"name":"Lang's Stream","SHAPE_Length":0.030874645745799636}},{"type":"Feature","id":39,"geometry":{"type":"LineString","coordinates":[[35.80655530000007,-0.41714529999995875],[35.80668060000005,-0.4171360999999365],[35.806749000000025,-0.41708829999993213],[35.806872000000055,-0.41706779999992705],[35.806972200000075,-0.41709969999993746],[35.80709980000006,-0.41716119999995271],[35.807268300000032,-0.4172272999999791],[35.807452900000044,-0.41717259999995804],[35.807518900000048,-0.41711559999993142],[35.807571300000063,-0.41695159999994758],[35.807653300000027,-0.41683319999992818],[35.807774100000074,-0.41677389999995285],[35.807878900000048,-0.41670329999993783],[35.807970000000068,-0.41667599999993854],[35.808108900000036,-0.41665779999993902],[35.808211400000062,-0.41660079999996924],[35.808343600000057,-0.41645729999993364],[35.808443800000077,-0.41637979999995878],[35.808601000000067,-0.41637979999995878],[35.808685300000036,-0.41630699999996068],[35.80878320000005,-0.41615199999995411],[35.808837900000071,-0.41597889999997051],[35.808933600000046,-0.41587639999994508],[35.808960900000045,-0.41576249999997117],[35.809004200000061,-0.41566679999993994],[35.809104400000024,-0.41553469999996651],[35.809175000000039,-0.4153683999999771],[35.809216000000049,-0.41527049999996279],[35.809275300000024,-0.41512239999997291],[35.809357300000045,-0.4149993999999424],[35.80946890000007,-0.41481709999993654],[35.80951900000008,-0.41470319999996264],[35.809628400000065,-0.41464169999994738],[35.809783300000049,-0.41458019999993212],[35.809833400000059,-0.41449139999997442],[35.809915400000079,-0.41442989999995916],[35.810011100000054,-0.41439119999995455],[35.810084000000074,-0.41432509999992817],[35.810118100000068,-0.41421119999995426],[35.810140900000079,-0.41409499999997479],[35.810209200000031,-0.41399249999994936],[35.810277600000063,-0.41390369999993482],[35.810350500000027,-0.41382389999995439],[35.810396000000026,-0.41369179999992411],[35.810516800000073,-0.41358929999995553],[35.810582800000077,-0.4134115999999608],[35.810712700000067,-0.41334329999995134],[35.810881300000062,-0.41324079999992591],[35.811054400000046,-0.41313599999995176],[35.811154600000066,-0.41300159999997277],[35.81129130000005,-0.41278059999996231],[35.811352800000066,-0.4126142999999729],[35.811434800000029,-0.41250949999994191],[35.81160790000007,-0.41242069999992736],[35.811658100000045,-0.41232269999994742],[35.81177880000007,-0.41221789999997327],[35.811840300000028,-0.41209949999995388],[35.81196790000007,-0.4120265999999333],[35.81201800000008,-0.41195369999996956],[35.812129600000048,-0.41190129999995406],[35.812229800000068,-0.41185349999994969],[35.812334600000042,-0.41169859999996561],[35.812430300000074,-0.41148899999996047],[35.812653500000067,-0.41135689999993019],[35.812762900000052,-0.41137049999997544],[35.812954200000036,-0.41142969999992829],[35.813095500000031,-0.41132499999997663],[35.813514600000076,-0.41132499999997663],[35.813696900000025,-0.41123839999994516],[35.81395660000004,-0.41119739999993499],[35.814179800000034,-0.41124299999995628],[35.814311900000064,-0.41120189999998047],[35.814453200000059,-0.41119279999998071],[35.814685500000053,-0.41135229999997591],[35.814945200000068,-0.41148899999996047],[35.815200300000072,-0.41154819999997017],[35.815482800000041,-0.41143429999993941],[35.815765300000066,-0.41125659999994468],[35.815854100000024,-0.41116779999993014],[35.81595660000005,-0.41111309999996593],[35.816088800000045,-0.41114729999992505],[35.816152600000066,-0.41124069999995072],[35.816257300000075,-0.41130449999997154],[35.81636670000006,-0.41128399999996645],[35.816501100000039,-0.41117919999993546],[35.816619500000058,-0.41110399999996616],[35.816792700000065,-0.41108579999996664],[35.816940700000032,-0.41101519999995162],[35.817129800000032,-0.41099239999994097],[35.817375800000036,-0.41091259999996055],[35.817437300000051,-0.41083289999994577],[35.817478300000062,-0.41077369999993607],[35.817544400000031,-0.41075089999992542],[35.817710700000077,-0.41075089999992542],[35.817829200000062,-0.41069619999996121],[35.817970400000036,-0.41057549999993626],[35.818086600000072,-0.41050489999997808],[35.818211900000051,-0.41045249999996258],[35.818359900000075,-0.41047749999995631],[35.81849660000006,-0.41046389999996791],[35.81866750000006,-0.41039329999995289],[35.818708500000071,-0.41030899999992698],[35.818783600000074,-0.41017909999993662],[35.818831500000044,-0.41006289999995715],[35.818831500000044,-0.40983969999996361],[35.818886200000065,-0.40942059999997582],[35.819000100000039,-0.40894219999995585],[35.818936300000075,-0.40872799999993958],[35.818990900000074,-0.40846829999992451],[35.818986400000028,-0.40826789999994162],[35.819009200000039,-0.40804459999992559],[35.818968200000029,-0.40789429999995264],[35.819022800000027,-0.40764369999993733],[35.819027400000039,-0.40748429999996461],[35.818936300000075,-0.40734759999998005],[35.818817800000033,-0.40711069999997562],[35.81879500000008,-0.40686459999994895],[35.81879500000008,-0.40666419999996606],[35.818881600000054,-0.40651379999997062],[35.818908900000054,-0.40635889999992969]]},"properties":{"OBJECTID":39,"FID":22100,"osm_id":"999275711","code":8102,"fclass":"stream","width":0,"name":"Marashoni","SHAPE_Length":0.020028256038990899}},{"type":"Feature","id":40,"geometry":{"type":"LineString","coordinates":[[35.780611200000067,-0.3381230999999616],[35.780632800000035,-0.33806839999994054],[35.780697700000076,-0.33798639999997704],[35.78077630000007,-0.33792379999994182],[35.780888000000061,-0.33786459999993212],[35.780908500000066,-0.33781099999993103],[35.780985900000076,-0.33774149999993597],[35.781070200000045,-0.3375672999999324],[35.781114600000024,-0.33750119999996286],[35.781226200000049,-0.33743629999997893],[35.781336700000054,-0.33735429999995858],[35.781400500000075,-0.33727569999996376],[35.781466600000044,-0.33717769999992697],[35.78150990000006,-0.33709689999994907],[35.781557700000064,-0.33704219999992802],[35.78157820000007,-0.33697959999994964],[35.78161810000006,-0.33694419999994807],[35.781689800000038,-0.33694309999992811],[35.781868600000053,-0.3369874999999638],[35.781901700000049,-0.33700459999994337],[35.781971100000078,-0.3369738999999754],[35.782049700000073,-0.3369202999999743],[35.782163600000047,-0.33685999999994465],[35.782274100000052,-0.33671759999992901],[35.782345900000053,-0.33668909999994412],[35.782430200000078,-0.33660029999992958],[35.782494000000042,-0.33652049999994915],[35.782642000000067,-0.33643279999995457],[35.782726300000036,-0.33634739999996555],[35.782778700000051,-0.33626309999993964],[35.782860700000072,-0.33621979999998075],[35.782976900000051,-0.3361981999999557],[35.783110100000044,-0.3361901999999759],[35.783212700000036,-0.33617659999993066],[35.783306100000061,-0.3360922999999616],[35.783366400000034,-0.33600799999993569],[35.783522500000061,-0.33588729999996758],[35.78359880000005,-0.33581779999997252],[35.783695600000044,-0.33578249999993659],[35.783777600000064,-0.33579839999993055],[35.783834600000034,-0.33579729999996744],[35.78398720000007,-0.3358063999999672],[35.784110200000043,-0.33575169999994614],[35.784218400000043,-0.3356935999999564],[35.784363100000064,-0.33563669999995227],[35.784446200000048,-0.33555919999997741],[35.784519100000068,-0.3355204999999728],[35.784627300000068,-0.3354748999999515],[35.784700200000032,-0.33541679999996177],[35.784753700000067,-0.33540429999993648],[35.784831200000042,-0.33536559999993187],[35.784930300000042,-0.3353837999999314],[35.785104500000045,-0.33539179999996804],[35.785193400000026,-0.33540319999997337],[35.785254900000041,-0.33542369999997845],[35.785317500000076,-0.33551939999995284],[35.78539950000004,-0.33560589999996182],[35.785500900000045,-0.33562869999997247],[35.785545300000024,-0.33559339999993654],[35.78558860000004,-0.33552509999992708],[35.785613700000056,-0.33540549999997893],[35.785627300000044,-0.3352949999999737],[35.785613700000056,-0.33521639999997888],[35.785633000000075,-0.33514119999995273],[35.785664900000029,-0.33507859999997436],[35.785636500000066,-0.33500569999995378],[35.785614800000076,-0.3348894999999743],[35.785596600000076,-0.33482339999994792],[35.785497500000076,-0.3347835999999802],[35.785403000000031,-0.33476419999993823],[35.785369900000035,-0.33470159999995985],[35.785374500000046,-0.33463209999996479],[35.785420000000045,-0.33454549999993333],[35.785473600000046,-0.33449199999995471],[35.78553850000003,-0.33441679999992857],[35.785613700000056,-0.33421179999993456],[35.785677500000077,-0.33414689999995062],[35.78572760000003,-0.33405689999995047],[35.78580050000005,-0.33388939999997547],[35.78582890000007,-0.33383249999997133],[35.786000900000033,-0.33348619999992479],[35.786037400000055,-0.33341679999995222],[35.786095500000044,-0.33331879999997227],[35.786212800000044,-0.33323789999997189],[35.786360900000034,-0.33321169999993572],[35.786477000000048,-0.33317189999996799],[35.786513500000069,-0.33309559999997873],[35.786547700000028,-0.33298619999993662],[35.786588700000038,-0.33288829999997915],[35.786637600000063,-0.33280969999992749],[35.786744700000042,-0.33277549999996836],[35.786891600000047,-0.3327059999999733],[35.787029500000074,-0.33266729999996869],[35.787093200000072,-0.33257959999997411],[35.787101200000052,-0.33249869999997372],[35.787024900000063,-0.3324200999999789],[35.786991900000032,-0.33237339999993765],[35.786986200000058,-0.33230399999996507],[35.786972500000047,-0.33225839999994378],[35.786981600000047,-0.33220369999997956],[35.786978200000078,-0.33215129999996407],[35.787012400000037,-0.33208979999994881],[35.787046500000031,-0.33202719999997043],[35.787052200000062,-0.33198619999996026],[35.787072700000067,-0.33189619999996012],[35.787071600000047,-0.33180509999994001],[35.787108000000046,-0.33174239999993915],[35.787177500000041,-0.33171049999992874],[35.787241300000062,-0.3316899999999805],[35.787266400000078,-0.33163649999994504],[35.787235600000031,-0.33157039999997551],[35.787217400000031,-0.3315328999999565],[35.78725380000003,-0.33150889999996025],[35.787299400000052,-0.33153629999992518],[35.787345000000073,-0.3315384999999651],[35.787366600000041,-0.33150779999994029],[35.787366600000041,-0.33146679999993012],[35.787390500000072,-0.33144169999997075],[35.787436100000036,-0.33145079999997051],[35.787477100000046,-0.33149639999993497],[35.787512400000026,-0.33151689999994005],[35.787534000000051,-0.33149749999995493],[35.787532900000031,-0.33145649999994475],[35.787505600000031,-0.33141779999994014],[35.787501000000077,-0.33136539999992465],[35.787475900000061,-0.33131639999993467],[35.787420100000077,-0.3312617999999361],[35.787412200000063,-0.33119909999993524],[35.787441800000067,-0.33115579999997635],[35.787494200000026,-0.33116149999995059],[35.787561400000072,-0.33120369999994637],[35.787645600000076,-0.33126289999995606],[35.787694600000066,-0.33126969999995026],[35.787777800000072,-0.33123669999997674],[35.787873400000024,-0.33122989999992569],[35.78802040000005,-0.33124009999994541],[35.788135400000044,-0.33121049999994057],[35.788173000000029,-0.33120599999995193],[35.788294900000039,-0.33117069999997284],[35.788391700000034,-0.33109319999994113],[35.78852500000005,-0.33099409999994123],[35.78865710000008,-0.33095649999995658],[35.788744800000075,-0.33097129999993058],[35.788868900000068,-0.33097359999993614],[35.788968000000068,-0.33098159999997279],[35.789076200000068,-0.33093719999993709],[35.789154800000063,-0.33086199999996779],[35.789206100000058,-0.33081529999992654],[35.789308600000027,-0.33083689999995158],[35.789397400000041,-0.33084949999994251],[35.789498800000047,-0.3308095999999523],[35.789578500000061,-0.33080499999994117],[35.789699300000052,-0.33077309999993076],[35.78987920000003,-0.33071849999993219],[35.789953300000036,-0.33070369999995819],[35.789992000000041,-0.33073329999996304],[35.789997700000072,-0.33080619999992678],[35.790037600000062,-0.33083119999997734],[35.790112700000066,-0.33080389999997806],[35.79017760000005,-0.3307411999999772],[35.790315500000077,-0.33067969999996194],[35.79039060000008,-0.33065699999997378],[35.79048860000006,-0.33068429999997306],[35.790542100000039,-0.33071849999993219],[35.790593400000034,-0.33071389999997791],[35.79064690000007,-0.3307411999999772],[35.790685600000074,-0.33071729999994659],[35.79074490000005,-0.33065129999994269],[35.790799500000048,-0.33053959999995186],[35.790840500000058,-0.33048159999992777],[35.790920300000039,-0.33043709999992643],[35.790974900000037,-0.33038469999996778],[35.791030800000044,-0.33030839999997852],[35.791085400000043,-0.33026739999996835],[35.791181100000074,-0.33019789999997329],[35.791249400000027,-0.33007489999994277],[35.791347400000063,-0.32997009999996862],[35.791418000000078,-0.32983689999997523],[35.791473800000063,-0.32980389999994486],[35.791558100000032,-0.32972529999995004],[35.791615100000058,-0.32962159999993901],[35.791680000000042,-0.32949059999992869],[35.791749500000037,-0.32935389999994413],[35.791822400000058,-0.32928559999993467],[35.791865600000051,-0.32919559999993453],[35.791874800000073,-0.3290885999999773],[35.791916900000047,-0.32901679999997668],[35.791989800000067,-0.3289518999999359],[35.792012600000078,-0.32890749999995705],[35.792070700000068,-0.32885509999994156],[35.792128800000057,-0.32878789999995206],[35.792222200000026,-0.32869559999994635],[35.792313300000046,-0.32864209999996774],[35.792432900000051,-0.32854179999992539],[35.792483000000061,-0.3284916999999723],[35.79255930000005,-0.32840859999993199],[35.79265840000005,-0.32823659999996835],[35.792721000000029,-0.32804979999997386],[35.792821300000071,-0.32797919999995884],[35.792885100000035,-0.32792449999993778],[35.79290670000006,-0.327829999999949],[35.792944300000045,-0.32773999999994885],[35.79303770000007,-0.32769099999995888],[35.793118500000048,-0.32761129999994409],[35.793123100000059,-0.32754519999997456],[35.79309690000008,-0.32746089999994865],[35.793101500000034,-0.32732419999996409],[35.793059300000039,-0.32723089999996091],[35.793083200000069,-0.32712489999994432],[35.79311290000004,-0.32696659999993472],[35.793177800000024,-0.32691879999993034],[35.793225600000028,-0.32686519999992925],[35.79330310000006,-0.32682309999995596],[35.793428400000039,-0.32686299999994617],[35.793516100000033,-0.32691649999992478],[35.793566200000043,-0.32700869999996485],[35.793713100000048,-0.32709419999997635],[35.793765500000063,-0.32710669999994479],[35.793828100000042,-0.32709079999995083],[35.793852100000038,-0.32703039999995553],[35.793841800000052,-0.3269198999999503],[35.793799700000079,-0.32678549999997131],[35.793779200000074,-0.32665789999992967],[35.793780300000037,-0.32656569999994645],[35.793837300000064,-0.32649509999993143],[35.793894200000068,-0.32643009999992501],[35.793926100000078,-0.32630709999995133],[35.793973900000026,-0.32617609999994102],[35.794036600000027,-0.32607589999997799],[35.794091300000048,-0.32595399999996744],[35.794133400000078,-0.32585269999992761],[35.794198300000062,-0.32580029999996896],[35.794281500000068,-0.32572849999996834],[35.794388500000025,-0.32559069999996382],[35.794472800000051,-0.32552229999993187],[35.794579900000031,-0.3254516999999737],[35.794746200000077,-0.32534469999995963],[35.79485550000004,-0.32528999999993857],[35.794933000000071,-0.32519999999993843],[35.794988800000056,-0.32506109999997079],[35.795105000000035,-0.32496079999992844],[35.79521770000008,-0.32486169999992853],[35.795313400000055,-0.32474329999996598],[35.79543410000008,-0.32462029999993547],[35.795461500000044,-0.32455759999993461],[35.795520700000054,-0.32448699999997643],[35.795689300000049,-0.32435259999994059],[35.795860100000027,-0.32419309999994539],[35.795918200000074,-0.32411229999996749],[35.795961500000033,-0.32400979999994206],[35.795969500000069,-0.32391749999993635],[35.795970600000032,-0.32380589999996801],[35.795955800000058,-0.32373299999994742],[35.795967200000064,-0.32359969999993154],[35.795967200000064,-0.32345389999994723],[35.795992200000057,-0.32337419999993244],[35.796038900000042,-0.3232773999999381],[35.796050300000047,-0.32320329999993191],[35.796097000000032,-0.32300399999996898]]},"properties":{"OBJECTID":40,"FID":22111,"osm_id":"999275731","code":8102,"fclass":"stream","width":0,"name":"","SHAPE_Length":0.026480821641978191}},{"type":"Feature","id":41,"geometry":{"type":"LineString","coordinates":[[35.706000900000049,-0.29218789999993078],[35.706089400000053,-0.2922132999999576]]},"properties":{"OBJECTID":41,"FID":5820,"osm_id":"597900658","code":8102,"fclass":"stream","width":0,"name":"","SHAPE_Length":9.2072851601645141e-05}},{"type":"Feature","id":42,"geometry":{"type":"LineString","coordinates":[[35.771082300000046,-0.2978474999999321],[35.771140400000036,-0.29790099999996755],[35.771191600000066,-0.29796939999994265],[35.771272500000066,-0.29810489999994161],[35.77137840000006,-0.29817209999993111],[35.77143650000005,-0.29823929999997745],[35.771440000000041,-0.29831109999997807]]},"properties":{"OBJECTID":42,"FID":22125,"osm_id":"999275749","code":8102,"fclass":"stream","width":0,"name":"Chawachi","SHAPE_Length":0.0006083745098330619}},{"type":"Feature","id":43,"geometry":{"type":"LineString","coordinates":[[35.797816900000043,-0.35219939999996086],[35.797860200000059,-0.35215839999995069],[35.79789210000007,-0.35211739999994052],[35.79788300000007,-0.35207869999993591],[35.797821500000055,-0.35205589999992526],[35.797787300000039,-0.35199899999997797],[35.797787300000039,-0.35193749999996271],[35.797757700000034,-0.35185769999992544],[35.797717800000044,-0.3518371999999772],[35.797697300000038,-0.35176779999994778],[35.797670000000039,-0.35171199999996361],[35.797616500000061,-0.35166299999997364],[35.79759480000007,-0.35163909999994303],[35.797591400000044,-0.35159809999993286],[35.79759370000005,-0.35155359999993152],[35.797608800000035,-0.35151079999997137]]},"properties":{"OBJECTID":43,"FID":22088,"osm_id":"999275699","code":8102,"fclass":"stream","width":0,"name":"","SHAPE_Length":0.00084518371075453043}},{"type":"Feature","id":44,"geometry":{"type":"LineString","coordinates":[[35.743877300000065,-0.37038809999995692],[35.74377480000004,-0.37035169999995787],[35.743679100000065,-0.3703106999999477],[35.743631300000061,-0.37026059999993777],[35.743580000000065,-0.37021499999997332],[35.74341030000005,-0.37020249999994803],[35.743291800000065,-0.37017859999997427],[35.743193000000076,-0.37019809999992503],[35.743004800000051,-0.37027769999997417],[35.742886300000066,-0.37030609999993658],[35.742703000000063,-0.37034599999992679],[35.742578800000047,-0.37037329999992608],[35.742452400000047,-0.37041319999997313],[35.742324800000063,-0.37040859999996201],[35.742160800000079,-0.37040299999995341],[35.741983100000027,-0.37040859999996201],[35.741825900000038,-0.37040409999997337],[35.741724600000055,-0.37037449999996852],[35.74159700000007,-0.37035739999993211],[35.741469400000028,-0.37035509999992655],[35.741354400000034,-0.37034369999997807],[35.741251900000066,-0.37036199999994324],[35.741102700000056,-0.37040519999993649],[35.741043400000024,-0.37042799999994713],[35.74097050000006,-0.37049859999996215],[35.740824800000041,-0.37062389999994139],[35.740717700000062,-0.37065129999996316],[35.740638000000047,-0.37062049999997271],[35.740562800000077,-0.3706033999999363],[35.740492200000062,-0.37063529999994671],[35.740385100000026,-0.37067749999994248],[35.740292800000077,-0.37070369999997865],[35.740196000000026,-0.37073669999995218],[35.740133400000047,-0.37077089999996815],[35.740013800000042,-0.37079819999996744],[35.739868000000058,-0.37084029999994073],[35.739790500000026,-0.37089959999997291],[35.739639100000034,-0.37094629999995732],[35.739554800000064,-0.37099179999995613],[35.739504700000055,-0.3710407999999461],[35.739407800000038,-0.37114789999992581],[35.739289400000075,-0.37126519999992524],[35.739134500000034,-0.37138139999996156],[35.739044500000034,-0.37144969999997102],[35.739004600000044,-0.37149299999992991],[35.738878200000045,-0.37156469999996489],[35.738748400000077,-0.37160919999996622],[35.738611700000035,-0.37170939999992925],[35.738477300000056,-0.37186539999993329],[35.738377000000071,-0.37193489999992835],[35.738285900000051,-0.37204309999992802],[35.738241500000072,-0.37213989999997921],[35.738197100000036,-0.37220829999995431],[35.738054700000077,-0.37227659999996376],[35.737907800000073,-0.37234719999997878],[35.737826900000073,-0.37240299999996296],[35.737721000000079,-0.37251579999997375],[35.737673100000052,-0.37253629999997884],[35.737632100000042,-0.37258869999993749],[35.737566100000038,-0.3726193999999623],[35.737449900000058,-0.37265929999995251],[35.737405500000079,-0.37270149999994828],[35.737398600000063,-0.37275499999992689],[35.737371300000063,-0.37280619999995679],[35.737292900000057,-0.37283539999992854],[35.737282500000049,-0.3728392999999528],[35.737195900000074,-0.37289959999992561],[35.737128700000028,-0.37297599999993736],[35.737031900000034,-0.37308529999995699],[35.736937300000079,-0.37313999999997804],[35.73681090000008,-0.37316499999997177],[35.736742600000071,-0.3731923999999367],[35.73667080000007,-0.37328799999994544],[35.73658080000007,-0.3733358999999723],[35.736457800000039,-0.37336319999997158],[35.736355300000071,-0.3734178999999358],[35.736315500000046,-0.37348739999993086],[35.736234600000046,-0.37355569999994032],[35.736148000000071,-0.37357849999995096],[35.736091100000067,-0.37358189999997649],[35.736055300000032,-0.37360009999997601]]},"properties":{"OBJECTID":44,"FID":22142,"osm_id":"999275768","code":8102,"fclass":"stream","width":0,"name":"Chawachi","SHAPE_Length":0.0091121269714085906}},{"type":"Feature","id":45,"geometry":{"type":"MultiLineString","coordinates":[[[35.714589400000079,-0.26777469999996129],[35.714803800000027,-0.2676525999999626],[35.714857700000039,-0.26747029999995675],[35.715024300000039,-0.26732549999996991],[35.715357400000073,-0.26699849999994285],[35.715361185000063,-0.26699021899997888]],[[35.717306130000054,-0.26520817599993052],[35.718248900000049,-0.2644690999999284],[35.719831284000065,-0.26178868799996735]],[[35.719944450000071,-0.26167200399993362],[35.721796100000063,-0.26102229999997917],[35.723402400000055,-0.26025259999994432],[35.723623000000032,-0.25988769999997885],[35.723537200000067,-0.2596637999999416],[35.723901700000056,-0.25913089999994554],[35.724560500000052,-0.25884839999997666],[35.725202800000034,-0.25863779999997405],[35.725305708000064,-0.2585114359999352]],[[35.726238740000042,-0.25782771599995158],[35.726338267000074,-0.25776820399994449]],[[35.726426497000034,-0.25774601999995639],[35.726576100000045,-0.25786449999992556],[35.72679080000006,-0.25792969999997695],[35.726924300000064,-0.25800469999995812],[35.726940900000045,-0.25813089999996919],[35.727158200000076,-0.25812819999993053],[35.727485400000035,-0.25788949999997612],[35.727783100000067,-0.25783849999993436],[35.728013800000042,-0.25772589999996853],[35.728228400000035,-0.25756229999996094],[35.72837050000004,-0.25755829999997104],[35.728415359000053,-0.2575684799999749]],[[35.72944048800008,-0.25733575799995378],[35.729867200000058,-0.25734899999997651],[35.729912800000079,-0.25734099999993987],[35.729958400000044,-0.25734099999993987],[35.730006700000047,-0.25733559999997624],[35.73008980000003,-0.25730079999993904],[35.730127400000072,-0.25727129999995668],[35.730151500000034,-0.25723369999997203],[35.730156900000054,-0.25718809999995074],[35.730124700000033,-0.25710229999992862],[35.730124700000033,-0.25701109999994287],[35.730138100000033,-0.25696819999996023],[35.730232000000058,-0.25688229999997247],[35.730355400000064,-0.25684479999995347],[35.730390200000045,-0.2568152999999711],[35.730425100000048,-0.25679109999992988],[35.730508300000054,-0.25676429999992934],[35.730591400000037,-0.25672679999996717],[35.73062630000004,-0.25669729999992796],[35.730666500000041,-0.25661409999997886],[35.730706700000042,-0.25658459999993966],[35.730747000000065,-0.25656579999997575],[35.730784500000027,-0.2565389999999752],[35.730873000000031,-0.25646389999997155],[35.730891800000052,-0.25642369999997072],[35.730926700000055,-0.2563994999999295],[35.731015200000058,-0.25638879999996789],[35.73106080000008,-0.25637269999992895],[35.731149300000027,-0.25635129999994888],[35.731192200000066,-0.25635129999994888],[35.731237800000031,-0.25635929999992868],[35.731398800000079,-0.25641559999996844],[35.731495300000063,-0.25643439999993234],[35.731664300000034,-0.25648809999995592],[35.731701800000053,-0.25650679999995418],[35.731731400000058,-0.25654169999995702],[35.731747400000074,-0.25658459999993966],[35.731763500000056,-0.25662489999996296],[35.731793000000039,-0.25665969999994331],[35.73181720000008,-0.25669729999992796],[35.731849400000044,-0.25672679999996717],[35.731889600000045,-0.25674289999994926],[35.731937900000048,-0.25675089999992906],[35.732026400000052,-0.25673749999992879],[35.732061300000055,-0.25670799999994642],[35.732085400000074,-0.25667039999996177],[35.732096100000035,-0.25662749999997914],[35.732093500000076,-0.25658189999995784],[35.732283900000027,-0.2563914999999497],[35.73233220000003,-0.25621979999993982],[35.732337500000028,-0.25605619999993223],[35.732350900000029,-0.2560132999999496],[35.732369700000049,-0.25597309999994877],[35.73239650000005,-0.25593549999996412],[35.732431400000053,-0.25590599999992492],[35.732471600000054,-0.25588459999994484],[35.732597700000042,-0.25583899999998039],[35.732729100000029,-0.25583899999998039],[35.732772000000068,-0.25584429999997838],[35.732900800000039,-0.25590599999992492],[35.732989300000042,-0.25589259999992464],[35.733037600000046,-0.25588989999994283],[35.733077800000046,-0.25590869999996357],[35.733115400000031,-0.25593019999996613],[35.733169000000032,-0.25599989999994932],[35.733284400000059,-0.25605619999993223],[35.73335140000006,-0.2561151999999538],[35.733380900000043,-0.25615009999995664],[35.733418500000028,-0.25617689999995719],[35.733536500000071,-0.25630569999992758],[35.733576700000071,-0.2563270999999645],[35.733616900000072,-0.25634049999996478],[35.733662500000037,-0.25632979999994632],[35.733726900000079,-0.25629229999992731],[35.733764500000063,-0.25621979999993982],[35.733788600000025,-0.25621719999998049],[35.733820800000046,-0.25625469999994266],[35.733866400000068,-0.2563270999999645],[35.733898600000032,-0.25634049999996478],[35.733987100000036,-0.25635129999994888],[35.734105100000079,-0.25628419999992502],[35.734148000000062,-0.25627349999996341],[35.734236500000065,-0.25627879999996139],[35.734327700000051,-0.25627619999994522],[35.734402800000055,-0.2562975999999253],[35.734491300000059,-0.25629229999992731],[35.734579900000028,-0.2562975999999253],[35.734622800000068,-0.25631639999994604],[35.734689800000069,-0.25636999999994714],[35.734740800000054,-0.25643979999995281],[35.734778300000073,-0.25646929999993517],[35.734861500000079,-0.25649609999993572],[35.734899000000041,-0.25652559999997493],[35.734955400000047,-0.2566033999999604],[35.734990200000027,-0.25663289999994277],[35.735033200000032,-0.25664899999992485],[35.735078700000031,-0.25665439999994533],[35.735172600000055,-0.25664629999994304],[35.735333600000047,-0.25656849999995757],[35.735427400000049,-0.25657119999993938],[35.73547300000007,-0.25658459999993966],[35.735612500000059,-0.25657389999997804],[35.735701000000063,-0.2565389999999752],[35.73578150000003,-0.2565014999999562],[35.735853900000052,-0.25645319999995309],[35.735894100000053,-0.25643169999995052],[35.736028300000044,-0.25639689999997017],[35.736071200000026,-0.25640489999994998],[35.736154300000067,-0.25651489999995647],[35.736194500000067,-0.2565389999999752],[35.736280400000055,-0.25655239999997548],[35.736411800000042,-0.25655509999995729],[35.736444000000063,-0.25658729999997831],[35.736460100000045,-0.25663019999996095],[35.736470800000063,-0.2566757999999254],[35.736481500000025,-0.25671869999996488],[35.736489600000027,-0.25681259999993244],[35.736519100000066,-0.25684749999993528],[35.736604900000032,-0.25686089999993555],[35.736642500000073,-0.2568876999999361],[35.736680000000035,-0.25690649999995685],[35.736983200000054,-0.25695339999992939]]]},"properties":{"OBJECTID":45,"FID":5509,"osm_id":"579979823","code":8102,"fclass":"stream","width":0,"name":"","SHAPE_Length":0.024143252762610149}},{"type":"Feature","id":46,"geometry":{"type":"LineString","coordinates":[[35.697055100000057,-0.28552869999992936],[35.697131700000057,-0.28505149999995183],[35.697604900000044,-0.28417599999994536],[35.698669800000062,-0.28391569999996591],[35.699732600000061,-0.28340099999996937],[35.700008900000057,-0.2833419999999478],[35.700755900000047,-0.2830876999999532],[35.701191700000038,-0.28292899999996735],[35.701336600000047,-0.2827277999999751],[35.701545800000076,-0.28253469999992831],[35.701806600000054,-0.28236729999997578],[35.701936000000046,-0.28235499999993863],[35.702177400000039,-0.28223699999995233],[35.702208300000052,-0.28219409999996969],[35.702274700000032,-0.28220279999993636],[35.702374600000041,-0.28216859999997723],[35.702528800000039,-0.28217929999993885],[35.702713900000049,-0.28208679999994501],[35.703133300000047,-0.28196309999992764],[35.703731800000071,-0.28168979999992416],[35.703785400000072,-0.28133579999996527],[35.703758600000072,-0.2812284999999406],[35.703789400000062,-0.28119759999992766],[35.703841700000055,-0.28120839999996861],[35.703918200000032,-0.28120029999996632],[35.703996000000075,-0.28112519999996266],[35.704041600000039,-0.28105949999996938],[35.704119400000025,-0.28103669999995873],[35.704114000000061,-0.28098369999997885],[35.704166300000054,-0.28094949999996288],[35.704289700000061,-0.28093879999994442],[35.704351400000064,-0.28085569999996096],[35.704547200000036,-0.28088249999996151],[35.704630700000052,-0.28082469999992554],[35.704743000000065,-0.28076179999993656],[35.704901200000052,-0.2807161999999721],[35.705021900000077,-0.2805766999999264],[35.706384000000071,-0.27927779999993163],[35.70742510000008,-0.27885189999994964],[35.707993000000045,-0.27781069999997499],[35.70854630000008,-0.27744119999994155],[35.708586600000046,-0.27738889999994853],[35.70866970000003,-0.27735009999997828],[35.70874880000008,-0.27740909999994301],[35.708801100000073,-0.27738759999994045],[35.708912500000054,-0.27739159999993035],[35.708983500000045,-0.27739029999997911],[35.709073400000079,-0.27727629999992587],[35.70915640000004,-0.27716779999997243],[35.709375100000045,-0.27704159999996136],[35.709583000000066,-0.27698259999993979],[35.709689000000026,-0.27699999999992997],[35.709739900000045,-0.27706709999995383],[35.709811000000059,-0.27701879999995072],[35.709883400000024,-0.2770200999999588],[35.70996660000003,-0.27698259999993979],[35.710123500000066,-0.27685249999996131],[35.710153000000048,-0.27670369999992772],[35.710195900000031,-0.27668349999993325],[35.710277700000063,-0.2765842999999677],[35.710315300000048,-0.27651459999992767],[35.710360900000069,-0.27652799999992794],[35.710406500000033,-0.27642869999993991],[35.710379600000067,-0.27637509999993881],[35.71038070000003,-0.27632519999997385],[35.710490900000025,-0.27625979999993433],[35.71060360000007,-0.27622889999997824],[35.710700200000076,-0.27623699999998053],[35.710819500000071,-0.27618729999994684],[35.71098580000006,-0.27614709999994602],[35.711071600000025,-0.27607469999992418],[35.711110500000075,-0.27597139999994624],[35.711256700000035,-0.27589359999996077],[35.711299600000075,-0.27590839999993477],[35.711392200000034,-0.27586009999993166],[35.711444500000027,-0.27579169999995656],[35.711515500000075,-0.27575549999994564],[35.711679200000049,-0.27572199999997338],[35.711795800000061,-0.2758265999999594],[35.711938000000032,-0.27587219999998069],[35.712749300000041,-0.27520779999997558],[35.713269900000057,-0.27402459999996154],[35.714169100000049,-0.27286519999995562],[35.715541600000051,-0.27132709999995086],[35.716441400000065,-0.27020549999997456],[35.716491900000051,-0.27002369999996745],[35.716601000000026,-0.2696306999999365],[35.716483000000039,-0.2692927999999597],[35.71622670000005,-0.26907149999993862],[35.71575480000007,-0.26888769999993656],[35.715533500000049,-0.26872229999997899],[35.715437300000076,-0.26856349999997065],[35.715376800000058,-0.26839989999996305],[35.715079600000024,-0.26814959999995835],[35.715016800000058,-0.26795739999994339],[35.714803800000027,-0.2676525999999626]]},"properties":{"OBJECTID":46,"FID":1664,"osm_id":"250545831","code":8102,"fclass":"stream","width":0,"name":"","SHAPE_Length":0.030194748900408179}},{"type":"Feature","id":47,"geometry":{"type":"LineString","coordinates":[[35.753947200000027,-0.36427289999994628],[35.753958600000033,-0.36438679999997703],[35.753970000000038,-0.36453029999995579],[35.753965400000027,-0.36466239999992922],[35.753942600000073,-0.3648012999999537],[35.753947200000027,-0.3649607999999489],[35.753970000000038,-0.36510889999993879],[35.753935800000079,-0.36553709999992634],[35.753867500000069,-0.36571709999992663],[35.753790000000038,-0.36585609999997359],[35.753762700000038,-0.36600409999994099],[35.753751300000033,-0.36617949999993016],[35.753746700000079,-0.36632079999992584],[35.753742200000033,-0.36658049999994091],[35.753680700000075,-0.36671029999996563],[35.753587300000049,-0.36690389999995432],[35.753600900000038,-0.3670975999999655],[35.753603200000043,-0.36728209999995443],[35.753585000000044,-0.3674050999999281],[35.753573600000038,-0.36761009999997896],[35.753575900000044,-0.36774909999996908],[35.753555400000039,-0.36788349999994807],[35.753482500000075,-0.36799969999992754],[35.75348020000007,-0.36813409999996338],[35.753484700000058,-0.36824569999993173],[35.753393600000038,-0.36839379999997846],[35.753359500000045,-0.36854179999994585],[35.753302500000075,-0.36865119999993112],[35.753209100000049,-0.36872179999994614],[35.753156700000034,-0.36880379999996649],[35.753129400000034,-0.36886759999993046],[35.753122500000075,-0.3689176999999404]]},"properties":{"OBJECTID":47,"FID":22138,"osm_id":"999275764","code":8102,"fclass":"stream","width":0,"name":"Chawachi","SHAPE_Length":0.0048580476912444392}},{"type":"Feature","id":48,"geometry":{"type":"LineString","coordinates":[[35.748985700000048,-0.36340609999996332],[35.748997100000054,-0.36346189999994749],[35.749033500000053,-0.36354159999996227],[35.749101900000028,-0.36361909999993713],[35.749265900000069,-0.36370109999995748],[35.749343300000078,-0.36380589999993163],[35.749416200000041,-0.36385139999993044],[35.749543800000026,-0.36391519999995126],[35.749671400000068,-0.3639379999999619],[35.749757900000077,-0.36394709999996167],[35.749908300000072,-0.3639971999999716],[35.750095100000067,-0.36396079999997255],[35.750209000000041,-0.3640199999999254],[35.750377600000036,-0.36408379999994622],[35.750450400000034,-0.36427059999994071],[35.750537000000065,-0.36440729999992527],[35.750514200000055,-0.36468519999993987],[35.750486900000055,-0.36487649999997984],[35.75058260000003,-0.36502689999997529],[35.750650900000039,-0.36522729999995818],[35.75060540000004,-0.36542779999996355],[35.750578000000075,-0.36573299999997744],[35.750509700000066,-0.36604739999995672],[35.750414000000035,-0.36620229999994081],[35.75028640000005,-0.366466599999967],[35.750181600000076,-0.3666988999999603],[35.75017710000003,-0.36685839999995551],[35.75028640000005,-0.36699959999992871],[35.75033650000006,-0.36709069999994881],[35.75031830000006,-0.36715679999997519],[35.750240900000051,-0.36720919999993384],[35.750147500000026,-0.36722969999993893],[35.750010800000041,-0.36729579999996531],[35.749926500000072,-0.36733899999995856],[35.749691900000073,-0.36737999999996873],[35.749505100000079,-0.36742559999993318],[35.749443600000063,-0.367489399999954],[35.749350200000038,-0.36755999999996902],[35.749293200000068,-0.36766249999993761],[35.749224900000058,-0.36774679999996351],[35.749115500000073,-0.36786299999994299],[35.749090500000079,-0.36798829999997906],[35.749067700000069,-0.36811809999994693],[35.748967500000049,-0.36821379999997816],[35.748862700000075,-0.36824799999993729]]},"properties":{"OBJECTID":48,"FID":22141,"osm_id":"999275767","code":8102,"fclass":"stream","width":0,"name":"","SHAPE_Length":0.006928958950944971}},{"type":"Feature","id":49,"geometry":{"type":"LineString","coordinates":[[35.792557000000045,-0.32639649999993026],[35.79274840000005,-0.32651729999997769],[35.79291470000004,-0.3265308999999661],[35.793060500000024,-0.32657189999997627],[35.793160700000044,-0.32667439999994485],[35.793210800000054,-0.32677699999993592],[35.79330310000006,-0.32682309999995596]]},"properties":{"OBJECTID":49,"FID":22113,"osm_id":"999275733","code":8102,"fclass":"stream","width":0,"name":"","SHAPE_Length":0.0009053338262944566}},{"type":"Feature","id":50,"geometry":{"type":"LineString","coordinates":[[35.697028900000078,-0.28559439999997949],[35.697055100000057,-0.28552869999992936]]},"properties":{"OBJECTID":50,"FID":26263,"osm_id":"1090815624","code":8102,"fclass":"stream","width":0,"name":"","SHAPE_Length":7.0731393351916683e-05}},{"type":"Feature","id":51,"geometry":{"type":"MultiLineString","coordinates":[[[35.861152600000025,-0.48371189999994613],[35.860784600000045,-0.48461789999993243],[35.860765590000028,-0.48565281899993806]],[[35.860721387000069,-0.48583356599993976],[35.860399100000052,-0.48650649999996176],[35.860444743000073,-0.48701594399994974]],[[35.860208330000034,-0.48950765299997556],[35.860173800000041,-0.48957479999995712],[35.860201879000044,-0.48965898599993807]],[[35.860165860000052,-0.49322378799996613],[35.860142500000052,-0.49412629999994806],[35.860146978000046,-0.49414551699993581]],[[35.86043092400007,-0.49547824399996898],[35.860376700000074,-0.49608579999994618],[35.860068600000034,-0.49677589999993188],[35.860068600000034,-0.49799599999994371],[35.859538600000064,-0.49921599999993305],[35.859538600000064,-0.49983513199993013]],[[35.85924758200008,-0.50114348899995775],[35.858540400000038,-0.50216139999997722],[35.857616000000064,-0.50287619999994604],[35.856617800000038,-0.50329519999996819],[35.856174100000032,-0.50424409999993713],[35.855821530000071,-0.50456987199993364]]]},"properties":{"OBJECTID":51,"FID":25438,"osm_id":"1050449583","code":8102,"fclass":"stream","width":0,"name":"","SHAPE_Length":0.013910597461209186}},{"type":"Feature","id":52,"geometry":{"type":"LineString","coordinates":[[35.760449700000038,-0.34876309999992827],[35.760521500000038,-0.3488051999999584],[35.760555700000054,-0.34883599999994885],[35.760585300000059,-0.34888719999997875],[35.760654800000054,-0.34892939999997452],[35.760714000000064,-0.34898289999995313],[35.760765200000037,-0.34902389999996331],[35.760821000000078,-0.34913329999994858],[35.760863200000074,-0.34921529999996892],[35.760920100000078,-0.34927789999994729],[35.760962300000074,-0.34933139999992591],[35.761048800000026,-0.34935309999997344],[35.761088700000073,-0.34936559999994188],[35.761105000000043,-0.34939609999997856]]},"properties":{"OBJECTID":52,"FID":22130,"osm_id":"999275756","code":8102,"fclass":"stream","width":0,"name":"","SHAPE_Length":0.00094843316494615953}},{"type":"Feature","id":53,"geometry":{"type":"LineString","coordinates":[[35.748862700000075,-0.36824799999993729],[35.74869410000008,-0.36824339999992617],[35.74854380000005,-0.36829809999994723],[35.748382000000049,-0.3682934999999361],[35.748204300000054,-0.36835279999996828],[35.748092700000029,-0.36841879999997218],[35.74791730000004,-0.36844839999997703],[35.747789700000055,-0.36852129999994077],[35.747666700000025,-0.3685577999999623],[35.747534600000051,-0.3686397999999258],[35.747361500000068,-0.36867849999993041],[35.747277200000042,-0.36875819999994519],[35.747192900000073,-0.36882199999996601],[35.747090400000047,-0.3689244999999346],[35.746985600000073,-0.36901789999996026],[35.746892200000048,-0.36913869999995086],[35.746755500000063,-0.36921379999995452],[35.746687200000054,-0.36932089999993423],[35.746587000000034,-0.36943479999996498],[35.746448000000044,-0.36951679999992848],[35.746254400000055,-0.36957489999997506],[35.74618490000006,-0.36959999999993443],[35.74609490000006,-0.36963529999997036],[35.74599470000004,-0.36969449999998005],[35.745853400000044,-0.36977309999997487],[35.745721300000071,-0.36984479999995301],[35.745535700000062,-0.36994279999993296],[35.745335200000056,-0.37000889999995934],[35.745071000000053,-0.37008969999993724],[35.744606200000078,-0.37024009999993268],[35.744432000000074,-0.3702958999999737],[35.744203000000027,-0.37035279999997783],[35.743984300000079,-0.37039729999997917],[35.743877300000065,-0.37038809999995692]]},"properties":{"OBJECTID":53,"FID":22140,"osm_id":"999275766","code":8102,"fclass":"stream","width":0,"name":"Chawachi","SHAPE_Length":0.0055856392523554029}},{"type":"Feature","id":54,"geometry":{"type":"LineString","coordinates":[[35.765293900000074,-0.32789549999995415],[35.765309900000034,-0.32802529999997887],[35.765352000000064,-0.32812439999997878],[35.765369100000044,-0.32820069999996804],[35.765316700000028,-0.3282781999999429],[35.765300700000068,-0.32833739999995259],[35.765223300000059,-0.32841709999996738],[35.765113900000074,-0.32842509999994718],[35.765031900000054,-0.32841479999996182],[35.764969300000075,-0.32843419999994694],[35.764894100000049,-0.32850029999997332]]},"properties":{"OBJECTID":54,"FID":22126,"osm_id":"999275752","code":8102,"fclass":"stream","width":0,"name":"Chawachi","SHAPE_Length":0.00094061637137868011}},{"type":"Feature","id":55,"geometry":{"type":"LineString","coordinates":[[35.764372500000036,-0.33158919999993941],[35.764313200000061,-0.3316108999999301],[35.764206200000046,-0.33160859999992454],[35.764098000000047,-0.33160519999995586],[35.764002300000072,-0.33159379999995053],[35.763928200000066,-0.33163819999992938],[35.763837100000046,-0.33168149999994512],[35.763758500000051,-0.33170429999995577],[35.763701600000047,-0.33173729999992929],[35.763654900000063,-0.33179199999995035],[35.763644600000077,-0.33184659999994892],[35.763599100000079,-0.33187739999993937],[35.763572900000042,-0.33190589999992426],[35.763590000000079,-0.33194459999992887],[35.763646900000026,-0.33197879999994484],[35.763679900000056,-0.33200609999994413],[35.763674200000025,-0.33209839999994983],[35.763646900000026,-0.33216779999997925],[35.763681100000042,-0.3322577999999794],[35.763668600000074,-0.33237629999996443]]},"properties":{"OBJECTID":55,"FID":22127,"osm_id":"999275753","code":8102,"fclass":"stream","width":0,"name":"Chawachi","SHAPE_Length":0.0014648259333996741}},{"type":"Feature","id":56,"geometry":{"type":"LineString","coordinates":[[35.769904600000075,-0.29666859999997541],[35.770004800000038,-0.29672329999993963],[35.770118700000069,-0.29679849999996577],[35.770232600000043,-0.29684399999996458],[35.77032150000008,-0.29689409999997451],[35.770408000000032,-0.29696019999994405],[35.770435400000054,-0.29701259999995955],[35.770465000000058,-0.29703989999995883],[35.770533300000068,-0.29702399999996487],[35.770588000000032,-0.2970421999999644],[35.770638100000042,-0.2970353999999702],[35.770715500000051,-0.29715839999994387],[35.770815800000037,-0.29723809999995865],[35.770925100000056,-0.29735429999993812],[35.771002600000031,-0.29747499999996307],[35.771068600000035,-0.29760259999994787],[35.771086900000057,-0.29774839999993219],[35.771082300000046,-0.2978474999999321]]},"properties":{"OBJECTID":56,"FID":22123,"osm_id":"999275747","code":8102,"fclass":"stream","width":0,"name":"Chawachi","SHAPE_Length":0.0018281494728766498}},{"type":"Feature","id":57,"geometry":{"type":"LineString","coordinates":[[35.838256100000024,-0.36911769999994704],[35.839012000000025,-0.36591969999994944],[35.837093200000027,-0.36344849999994722],[35.837413000000026,-0.36161689999994451],[35.836308200000076,-0.36004689999992934],[35.835996800000032,-0.35831029999997099],[35.838063700000077,-0.35200549999996156],[35.838799900000026,-0.35060149999992518],[35.839323700000079,-0.34924699999993436],[35.838957200000038,-0.34655129999993051],[35.840128400000026,-0.34450119999996787],[35.840778300000068,-0.34381149999995841],[35.840739700000029,-0.34327089999993632],[35.840469400000075,-0.3420994999999607],[35.841048600000079,-0.34113419999994221],[35.840894200000037,-0.34001429999995025],[35.841923700000052,-0.33835959999993293],[35.842251400000066,-0.33715809999995372],[35.842246500000044,-0.33610799999996743],[35.841341200000045,-0.33499199999994289],[35.839615000000038,-0.33413439999992534],[35.838974700000051,-0.33297139999996261],[35.838463800000056,-0.33158529999997199],[35.838419800000054,-0.3299958999999717],[35.837477000000035,-0.32813159999994923],[35.837744900000075,-0.32608779999992521],[35.837774800000034,-0.32585979999993242]]},"properties":{"OBJECTID":57,"FID":1501,"osm_id":"244394778","code":8101,"fclass":"river","width":0,"name":"","SHAPE_Length":0.048044372039329986}},{"type":"Feature","id":58,"geometry":{"type":"LineString","coordinates":[[35.68833868400003,-0.29812585299993088],[35.688382800000056,-0.29814639999995052]]},"properties":{"OBJECTID":58,"FID":5802,"osm_id":"597886809","code":8102,"fclass":"stream","width":0,"name":"","SHAPE_Length":4.8666216908001676e-05}},{"type":"Feature","id":59,"geometry":{"type":"LineString","coordinates":[[35.806983600000024,-0.40998319999994237],[35.807072400000038,-0.41001279999994722],[35.807124800000054,-0.41005839999996851],[35.807175000000029,-0.41018819999993639],[35.807268300000032,-0.41026109999995697],[35.80734810000007,-0.41033399999997755],[35.807430100000033,-0.41035449999992579],[35.807505300000059,-0.41034539999992603],[35.807614600000079,-0.41034769999993159],[35.807701200000054,-0.41042289999995774],[35.807821900000079,-0.41047749999995631],[35.807917600000053,-0.4105230999999776],[35.808052000000032,-0.41058229999993046],[35.808177300000068,-0.41061419999994087],[35.808327600000041,-0.41062789999995175],[35.808396100000039,-0.4106302999999798],[35.808457500000031,-0.41063249999996287],[35.808546300000046,-0.4106642999999508],[35.808676200000036,-0.41067119999996748],[35.80878320000005,-0.41071219999997766],[35.80898140000005,-0.41079189999993559],[35.809115800000029,-0.41086249999995061],[35.809222900000066,-0.41091259999996055],[35.809414200000049,-0.41097869999993009],[35.809562300000039,-0.41098099999993565],[35.80964890000007,-0.41098099999993565],[35.809792400000049,-0.4110173999999347]]},"properties":{"OBJECTID":59,"FID":22096,"osm_id":"999275707","code":8102,"fclass":"stream","width":0,"name":"","SHAPE_Length":0.0031163897532453908}},{"type":"Feature","id":60,"geometry":{"type":"LineString","coordinates":[[35.812685400000078,-0.38751989999997249],[35.812756100000058,-0.38736489999996593]]},"properties":{"OBJECTID":60,"FID":22108,"osm_id":"999275719","code":8102,"fclass":"stream","width":0,"name":"Marashoni","SHAPE_Length":0.00017036281871142287}},{"type":"Feature","id":61,"geometry":{"type":"LineString","coordinates":[[35.789875800000061,-0.3330630999999471],[35.789866700000061,-0.33302549999996245],[35.789858700000025,-0.33290139999996882],[35.789847300000076,-0.33280449999995199],[35.789858700000025,-0.33270889999994324],[35.789848500000062,-0.33261999999996306],[35.789869000000067,-0.33245829999992793],[35.789849600000025,-0.33234329999993406],[35.789865600000041,-0.33217009999992797],[35.789905400000066,-0.33203799999995454],[35.789945300000056,-0.33194919999993999],[35.789968100000067,-0.33185799999995425],[35.789989700000035,-0.3317759999999339],[35.79007740000003,-0.33169289999995044],[35.790145800000062,-0.33163479999996071],[35.79025050000007,-0.33157219999992549],[35.79031660000004,-0.3314684999999713],[35.790345100000025,-0.33142639999994117],[35.790462400000024,-0.33134209999997211],[35.790526200000045,-0.33126799999996592],[35.790621900000076,-0.3310914999999568],[35.790672000000029,-0.33097299999997176],[35.790685600000074,-0.33086259999993217],[35.790715300000045,-0.33080099999995127],[35.79071040000008,-0.33068969999993669]]},"properties":{"OBJECTID":61,"FID":22114,"osm_id":"999275734","code":8102,"fclass":"stream","width":0,"name":"","SHAPE_Length":0.0026831055116282631}},{"type":"Feature","id":62,"geometry":{"type":"LineString","coordinates":[[35.702235100000053,-0.32815979999998035],[35.700967300000059,-0.3273225999999454],[35.700610400000073,-0.32661999999993441],[35.700384400000075,-0.32602609999997867],[35.700234200000068,-0.32500689999994847],[35.700635300000044,-0.3242373999999586],[35.701547400000038,-0.32240509999996902],[35.702297000000044,-0.32079109999995126],[35.702873500000067,-0.31922409999992851],[35.702884200000028,-0.31844089999992775],[35.70248440000006,-0.3176515999999765],[35.702111700000046,-0.3166599999999562],[35.702015200000062,-0.31510429999997314],[35.701892800000053,-0.31469289999995453],[35.701457300000072,-0.31369889999996303],[35.701400800000044,-0.31263299999994842],[35.701500200000055,-0.31169259999995802],[35.701961500000039,-0.3101905999999417],[35.701972300000079,-0.30915519999996377]]},"properties":{"OBJECTID":62,"FID":1661,"osm_id":"250545828","code":8102,"fclass":"stream","width":0,"name":"","SHAPE_Length":0.020757021173939811}},{"type":"Feature","id":63,"geometry":{"type":"MultiLineString","coordinates":[[[35.807755300000053,-0.45290169999992713],[35.807497800000078,-0.45310019999993756],[35.807336900000053,-0.45336839999993117],[35.806661000000076,-0.45376539999995202],[35.806607300000053,-0.45389409999995678],[35.806602000000055,-0.45409259999996721],[35.806457100000046,-0.45428029999993669],[35.805271600000026,-0.45483289999992849],[35.805067800000074,-0.45524049999994531],[35.804826400000024,-0.45544439999997621],[35.804644000000053,-0.45548189999993838],[35.804273800000033,-0.45537999999993417],[35.804043100000058,-0.45546579999995629],[35.803764200000046,-0.45577159999993455],[35.803394100000048,-0.45590029999993931],[35.803093600000068,-0.45609879999994973],[35.80257430000006,-0.45610929999998007],[35.801951900000063,-0.45631269999995538],[35.801606900000024,-0.45652219999993804],[35.801046100000065,-0.45662079999993921],[35.800964506000071,-0.45673506699995414]],[[35.795636018000039,-0.46797030499993753],[35.79543330000007,-0.46838409999998021],[35.795079300000054,-0.46876629999997022],[35.794881200000077,-0.46936789999995199],[35.794838700000071,-0.46985629999994671],[35.794534300000066,-0.47022439999994958],[35.794038800000067,-0.47106669999993755],[35.792817500000069,-0.47207469999995055],[35.791883200000029,-0.47354699999993954],[35.791047900000024,-0.47426899999993566],[35.789802100000031,-0.47449549999993224],[35.789264200000048,-0.47486349999996946],[35.788613000000055,-0.47575539999996863],[35.787678600000049,-0.47620839999996178],[35.785498500000074,-0.47557139999997844],[35.784082800000078,-0.4756420999999591],[35.78214330000003,-0.47639239999995198],[35.780642700000044,-0.47642069999994874],[35.778759800000046,-0.47612339999994902],[35.777146000000073,-0.47630749999996169],[35.775560400000074,-0.47681709999994837],[35.774229700000035,-0.47759569999993801],[35.772955600000046,-0.47789299999993773],[35.771950400000037,-0.479067999999927],[35.770648000000051,-0.47953509999996413],[35.769841100000065,-0.48037029999994729],[35.769557900000052,-0.48133299999994961],[35.769841100000065,-0.48226729999993267],[35.769430500000055,-0.48322989999996935],[35.769274800000062,-0.48444729999994252],[35.769699500000058,-0.48515519999995149],[35.770110100000068,-0.48618859999993447],[35.77005870000005,-0.48716679999995449],[35.770572400000049,-0.48768989999996393],[35.770497600000056,-0.48818489999996473],[35.769750400000078,-0.48887599999994791],[35.769692200000065,-0.48966899999993529],[35.769310100000041,-0.490148799999929],[35.769277600000066,-0.49105129999992414],[35.768765300000041,-0.49157159999992928],[35.76864340000003,-0.49216519999993125],[35.768732800000066,-0.4928480999999465],[35.76846450000005,-0.49345789999995304],[35.768545800000027,-0.49414899999993622],[35.768131100000062,-0.49433599999997568],[35.76809860000003,-0.49477509999996983],[35.768228700000066,-0.4949132999999506],[35.768131100000062,-0.49516539999996212],[35.767667600000038,-0.49505969999995614],[35.767391200000077,-0.4952710999999681],[35.767261100000042,-0.49574259999997139],[35.766732600000068,-0.49606789999995726],[35.766570000000058,-0.49649069999992435],[35.766741100000047,-0.4974346999999284]]]},"properties":{"OBJECTID":63,"FID":25415,"osm_id":"1049395848","code":8102,"fclass":"stream","width":0,"name":"","SHAPE_Length":0.05962676422304275}},{"type":"Feature","id":64,"geometry":{"type":"LineString","coordinates":[[35.806115700000078,-0.42125479999992876],[35.806188600000041,-0.42116139999995994],[35.806259200000056,-0.42112949999994953],[35.80637310000003,-0.42107709999993403],[35.806439200000057,-0.42099049999995941],[35.806475600000056,-0.42089479999992818],[35.80647330000005,-0.42080139999995936],[35.80639130000003,-0.42073079999994434],[35.806272900000067,-0.42070119999993949],[35.806209100000046,-0.42066699999998036],[35.806127100000026,-0.42057589999996026],[35.806040500000051,-0.42057819999996582],[35.805958500000031,-0.42055769999996073],[35.805871900000056,-0.4205075999999508],[35.805728400000078,-0.42054859999996097],[35.805632700000046,-0.42058959999997114],[35.805562100000031,-0.42055999999996629],[35.805464200000074,-0.42039369999997689],[35.805379900000048,-0.42031169999995655],[35.805318400000033,-0.42025239999992436],[35.805313800000079,-0.42015219999996134],[35.805245500000069,-0.4199949999999717],[35.805161200000043,-0.41992439999995668],[35.805088300000079,-0.41964879999994764],[35.805143000000044,-0.4195667999999273],[35.805222700000058,-0.41940049999993789],[35.805206800000065,-0.41934349999996812],[35.805147500000032,-0.41913399999992862],[35.805067800000074,-0.41897449999993341],[35.805051900000024,-0.41878089999994472],[35.804972100000043,-0.41863959999994904],[35.804963000000043,-0.41845509999996011],[35.804958500000055,-0.41834349999993492],[35.805102000000034,-0.41813619999993534],[35.805247800000075,-0.41798359999995682],[35.805377600000043,-0.41783319999996138],[35.805548500000043,-0.41771929999993063],[35.805735300000038,-0.41766239999992649],[35.805903800000067,-0.41763049999997293],[35.806022300000052,-0.41751879999992525],[35.806106600000078,-0.41740269999996826],[35.806168100000036,-0.41729789999993727],[35.806241000000057,-0.41720899999995709],[35.806338900000071,-0.41715659999994159],[35.806450500000039,-0.41713839999994207],[35.80655530000007,-0.41714529999995875]]},"properties":{"OBJECTID":64,"FID":22098,"osm_id":"999275709","code":8102,"fclass":"stream","width":0,"name":"Marashoni","SHAPE_Length":0.0062122320299511395}},{"type":"Feature","id":65,"geometry":{"type":"LineString","coordinates":[[35.731899500000054,-0.24809659999993983],[35.731930800000043,-0.24808429999995951],[35.731939800000077,-0.2480703999999605],[35.732015100000069,-0.24796739999993633],[35.732057300000065,-0.24788529999995035],[35.732115100000044,-0.24784309999995457],[35.732120500000065,-0.24776599999995597],[35.732169300000066,-0.24771349999997483],[35.732180200000073,-0.24765549999995073],[35.732194700000036,-0.24760119999996277],[35.732201900000064,-0.24752699999993411],[35.732216400000027,-0.24746009999995522],[35.732245400000068,-0.24739489999996067],[35.732232700000054,-0.24734789999996565],[35.732277900000042,-0.24728449999997792],[35.73232500000006,-0.24715959999997494],[35.732355200000029,-0.24710529999993014],[35.732383600000048,-0.2470639999999662],[35.732391800000073,-0.24702859999996463],[35.732439000000056,-0.24698499999993828],[35.732457900000043,-0.24694959999993671],[35.732477900000049,-0.24693309999997837],[35.732532200000037,-0.24694489999995994],[35.732591200000059,-0.24698499999993828],[35.732638400000042,-0.24700389999992467],[35.732671400000072,-0.24699089999995749],[35.732710300000065,-0.24697439999994231],[35.732745700000066,-0.24694959999993671],[35.732796400000041,-0.24691889999996874],[35.732859000000076,-0.24686939999998003],[35.732926200000065,-0.24682099999995444],[35.732964000000038,-0.24680209999996805],[35.732987600000058,-0.24677379999997129],[35.732973400000049,-0.2467572999999561],[35.732967500000029,-0.24673249999995051],[35.73297690000004,-0.24671599999993532],[35.732986400000073,-0.24669829999993453],[35.732987600000058,-0.24664879999994582],[35.732997000000069,-0.24662869999997383],[35.733010000000036,-0.24660629999993944],[35.733002900000031,-0.24658509999994749],[35.73300880000005,-0.24655199999995148],[35.733024500000056,-0.24653789999996434],[35.733034000000032,-0.24641009999993457],[35.733106600000042,-0.24627569999995558],[35.733232000000044,-0.24613939999994727],[35.733288400000049,-0.24607579999997142],[35.733292000000063,-0.24588319999998021],[35.733315600000026,-0.2458068999999341],[35.733302900000069,-0.24570509999995238],[35.733364700000038,-0.24549979999994775],[35.733462800000041,-0.24537079999993239],[35.73352280000006,-0.2453598999999258],[35.733590000000049,-0.24526179999998021],[35.733593600000063,-0.24521449999997458],[35.733686300000045,-0.24520359999996799],[35.733733500000028,-0.24513089999993554],[35.733780800000034,-0.24515269999994871],[35.73384070000003,-0.24506369999994604],[35.733897100000036,-0.24497829999995702],[35.733918900000049,-0.24488559999997506],[35.733926200000042,-0.24474929999996675],[35.733960700000068,-0.24469119999997702],[35.733993400000031,-0.24466029999996408],[35.733967900000039,-0.24459939999997005],[35.733924300000069,-0.24462759999994432],[35.733893400000056,-0.24452489999993077],[35.733968900000036,-0.24445409999992762],[35.734013400000038,-0.24444409999995287],[35.734007900000051,-0.24442589999995334]]},"properties":{"OBJECTID":65,"FID":867,"osm_id":"206260023","code":8102,"fclass":"stream","width":0,"name":"Molo River","SHAPE_Length":0.0049291933545257934}},{"type":"Feature","id":66,"geometry":{"type":"LineString","coordinates":[[35.796097000000032,-0.32300399999996898],[35.796093600000063,-0.32295679999992899],[35.796103900000048,-0.32283369999993283],[35.796109600000079,-0.32275969999994913],[35.796066300000064,-0.32270619999997052],[35.795991100000037,-0.32261389999996481],[35.795914800000048,-0.32256269999993492],[35.795833900000048,-0.32248859999992874],[35.795782700000075,-0.3224088999999708],[35.795757600000059,-0.32228819999994585],[35.795687000000044,-0.3221525999999244],[35.795600400000069,-0.32206039999994118],[35.795558300000039,-0.32198289999996632],[35.79547290000005,-0.32194299999997611],[35.795385200000055,-0.32190659999997706],[35.79530770000008,-0.32187929999997777],[35.795199500000024,-0.32188269999994645],[35.795102700000029,-0.32185989999993581],[35.79502750000006,-0.32186219999994137],[35.794979700000056,-0.32182339999997112],[35.794935300000077,-0.32167309999994131],[35.794938700000046,-0.32157859999995253],[35.794980800000076,-0.32151819999995723],[35.795051400000034,-0.32148399999994126],[35.795114100000035,-0.3214008999999578],[35.79519270000003,-0.32120949999995219],[35.795149400000071,-0.32107059999992771],[35.795043500000077,-0.32095099999997956],[35.794989900000076,-0.32093389999994315],[35.794920400000024,-0.32093269999995755],[35.794884000000025,-0.32090539999995826],[35.794881700000076,-0.32087349999994785],[35.794912500000066,-0.32082679999996344],[35.794983100000024,-0.32072429999993801],[35.795042300000034,-0.32061949999996386],[35.795065100000045,-0.32058649999993349],[35.795112900000049,-0.32042479999995521],[35.79514370000004,-0.32030629999997018],[35.79523480000006,-0.32020489999996471],[35.79522570000006,-0.31994519999994964],[35.795159600000034,-0.31983699999994997],[35.795090200000061,-0.3198278999999502],[35.795008100000075,-0.31985639999993509],[35.794940900000029,-0.31992929999995567],[35.79484640000004,-0.31995779999994056],[35.794714300000066,-0.32005569999995487],[35.794595800000025,-0.32010919999993348],[35.794515000000047,-0.32010809999997036],[35.794466000000057,-0.3200214999999389],[35.794456900000057,-0.31992129999997587],[35.794407900000067,-0.31986319999992929],[35.794361200000026,-0.31977209999996603],[35.794398800000067,-0.31968439999997145],[35.794521800000041,-0.31963769999993019],[35.794575300000076,-0.31959209999996574],[35.794647100000077,-0.31950439999997116],[35.794687000000067,-0.31939399999993157],[35.794667600000025,-0.31931079999992562],[35.794594700000061,-0.31927319999994097],[35.794509300000072,-0.31928459999994629],[35.794422700000041,-0.31933809999992491],[35.794327000000067,-0.31936549999994668],[35.794278000000077,-0.31938709999997172],[35.794235900000047,-0.31942699999996194],[35.794122000000073,-0.31940419999995129],[35.794051400000058,-0.31935069999997268],[35.794024100000058,-0.31925389999997833],[35.794024100000058,-0.31917979999997215],[35.794042300000058,-0.31912519999997357],[35.794069600000057,-0.3190909999999576],[35.794082100000026,-0.31902719999993678],[35.794122000000073,-0.31896799999992709],[35.794118600000047,-0.31891899999993711],[35.794081000000062,-0.3188722999999527],[35.794001300000048,-0.31879369999995788],[35.793889700000079,-0.31871169999993754],[35.793823600000053,-0.31865589999995336],[35.793746100000078,-0.31862739999996847],[35.793648200000064,-0.31860799999992651],[35.793544500000053,-0.31857159999992746],[35.793380500000069,-0.31844519999992826],[35.793306500000028,-0.31834839999993392],[35.793300800000054,-0.31824009999996861],[35.79328600000008,-0.31819229999996423],[35.793247300000075,-0.31810569999993277],[35.79321310000006,-0.31803399999995463],[35.793219900000054,-0.31796109999993405],[35.793173200000069,-0.31787679999996499],[35.793143600000064,-0.31778799999995044],[35.793170900000064,-0.31767629999995961],[35.793189200000029,-0.31763419999992948],[35.793189200000029,-0.31756469999993442],[35.79313680000007,-0.31744739999993499],[35.793122000000039,-0.31727429999995138],[35.793082100000049,-0.31711139999993065],[35.792968200000075,-0.31704309999997804],[35.792886200000055,-0.31704759999996668],[35.792800800000066,-0.31710339999995085],[35.792705100000035,-0.31716379999994615],[35.79260830000004,-0.3171409999999355],[35.792538800000045,-0.317058999999972],[35.792534200000034,-0.31694509999994125],[35.792516000000035,-0.31683459999993602],[35.792435100000034,-0.31671159999996235],[35.792421500000046,-0.31664669999997841],[35.792430600000046,-0.3165543999999727],[35.792398700000035,-0.31647359999993796],[35.792331500000046,-0.31641429999996262],[35.792305300000066,-0.31634599999995316],[35.792264300000056,-0.31625829999995858],[35.792238100000077,-0.31618879999996352],[35.792283700000041,-0.31610569999998006],[35.792334900000071,-0.31606009999995877],[35.792380500000036,-0.31597699999997531],[35.792381600000056,-0.3158914999999638],[35.792344000000071,-0.31581069999992906],[35.792306400000029,-0.31576739999997017],[35.792244900000071,-0.31576969999997573],[35.792176600000062,-0.31580499999995482],[35.792107100000067,-0.31583569999997962],[35.792036500000052,-0.31584479999997939],[35.791924900000026,-0.31585389999997915],[35.791742600000077,-0.31579469999996945],[35.791628700000047,-0.31571499999995467],[35.791590000000042,-0.31564319999995405],[35.791578600000037,-0.31553619999993998],[35.791595700000073,-0.31544279999997116],[35.791602500000067,-0.31535279999997101],[35.791563800000063,-0.31527869999996483],[35.791452800000059,-0.31514149999992469],[35.791431100000068,-0.31509079999995038],[35.791439100000048,-0.31504469999993034],[35.791453300000057,-0.31500819999996565],[35.791502900000069,-0.31495809999995572],[35.791567800000053,-0.31490519999994149],[35.791604800000073,-0.31484929999993483],[35.791677700000037,-0.314755899999966],[35.791716400000041,-0.31473089999997228],[35.791784800000073,-0.31463979999995217],[35.791784800000073,-0.31456919999993715],[35.791775700000073,-0.31448029999995697],[35.791812100000072,-0.31433449999997265],[35.791780200000062,-0.31418869999993149],[35.791800700000067,-0.31409759999996822],[35.791821200000072,-0.31399049999993167],[35.791878200000042,-0.31384929999995848],[35.791875900000036,-0.31370579999997972],[35.791821200000072,-0.31359419999995453],[35.791805300000078,-0.31349849999998014],[35.791805300000078,-0.31337999999993826],[35.791762000000062,-0.31327069999997548],[35.791691400000047,-0.31316359999993892],[35.791673200000048,-0.3130633999999759],[35.791609400000027,-0.31294719999993958],[35.791465900000048,-0.31287429999997585],[35.791390700000079,-0.31277859999994462],[35.79137250000008,-0.3127011999999354],[35.791313200000047,-0.31250299999993558],[35.791233500000033,-0.3123548999999457],[35.791151500000069,-0.31215219999995725],[35.791099100000054,-0.31205199999993738],[35.791090000000054,-0.31196079999995163],[35.791131000000064,-0.31186289999993733],[35.791105900000048,-0.31181049999997867],[35.791021600000079,-0.31179679999996779],[35.79095790000008,-0.31183329999993248],[35.790937400000075,-0.31190159999994194],[35.790955600000075,-0.31199049999997897],[35.790903200000059,-0.31204059999993206],[35.790752800000064,-0.31200869999997849],[35.790600200000029,-0.3119949999999676],[35.790477200000055,-0.31201549999997269],[35.790402000000029,-0.31205879999993158],[35.790313200000071,-0.3120017999999618],[35.790224300000034,-0.3118354999999724],[35.790206100000034,-0.3116851999999426],[35.790185600000029,-0.31155309999996916],[35.79017650000003,-0.31142319999997881],[35.790172000000041,-0.3113320999999587],[35.790210700000046,-0.31121139999993375],[35.790331400000071,-0.31114989999997533],[35.790459000000055,-0.31113159999995332],[35.790541000000076,-0.31106559999994943],[35.79059790000008,-0.31098359999992908],[35.790666300000055,-0.31084919999995009],[35.790666300000055,-0.31078079999997499],[35.79060480000004,-0.31064639999993915],[35.790536400000065,-0.31054389999997056],[35.790379200000075,-0.31052109999995992],[35.790272200000061,-0.31051889999997684],[35.790197000000035,-0.31048929999997199],[35.790126400000077,-0.31035029999992503],[35.79014230000007,-0.31024549999995088],[35.790083100000061,-0.31016119999992497],[35.790074000000061,-0.3100837999999726],[35.790119600000025,-0.30997669999993605],[35.79011040000006,-0.30982639999996309],[35.79002840000004,-0.30967599999996764],[35.789919100000077,-0.30960769999995819],[35.789839400000062,-0.30946419999997943],[35.789807500000052,-0.30932749999993803],[35.78982110000004,-0.30917939999994815],[35.789823400000046,-0.30902449999996406],[35.789784700000041,-0.30889689999997927],[35.789759600000025,-0.3088558999999691],[35.789620700000057,-0.30869649999993953],[35.789550100000042,-0.3085711999999603],[35.789527300000032,-0.30841629999997622],[35.789559200000042,-0.30829549999992878],[35.789616100000046,-0.30816339999995535],[35.789636600000051,-0.30802219999992531],[35.789620700000057,-0.30789919999995163],[35.789513600000078,-0.30778979999996636],[35.789411100000052,-0.30771239999995714],[35.789315400000078,-0.30771239999995714],[35.789238000000068,-0.30768729999994093],[35.789156000000048,-0.3075483999999733],[35.789135500000043,-0.30743219999993698],[35.789135500000043,-0.30732509999995727],[35.789153700000043,-0.30724769999994805],[35.789210600000047,-0.30715879999996787],[35.789238000000068,-0.30704719999994268],[35.789208400000064,-0.30695149999996829],[35.789108100000078,-0.30684439999993174],[35.789019300000064,-0.30681939999993801],[35.788898500000073,-0.30683079999994334],[35.788821100000064,-0.30679659999992737],[35.788786900000048,-0.30671919999997499],[35.78881430000007,-0.3066279999999324],[35.788827900000058,-0.30644349999994347],[35.788823400000069,-0.30634779999996908],[35.788782400000059,-0.30625439999994342],[35.788757300000043,-0.30619069999994508],[35.788757300000043,-0.30605169999995496],[35.788802900000064,-0.30594009999992977],[35.788880300000073,-0.30585119999994959],[35.788925900000038,-0.30578519999994569],[35.788919100000044,-0.30569179999997687],[35.788796000000048,-0.30555049999992434],[35.788593300000059,-0.30538879999994606],[35.788502200000039,-0.30528169999996635],[35.788484000000039,-0.30519289999995181],[35.788499900000033,-0.30509949999992614],[35.788556800000038,-0.30504029999997329],[35.788563700000054,-0.30496279999994158],[35.788632000000064,-0.30484209999997347],[35.78865710000008,-0.30470309999992651],[35.788695800000028,-0.30463479999997389],[35.788743600000032,-0.30453909999994266],[35.788798300000053,-0.30449359999994385],[35.788837000000058,-0.30445939999992788],[35.78884620000008,-0.30440929999997479],[35.788882600000079,-0.30432039999993776],[35.788973700000042,-0.30428169999993315],[35.789062600000079,-0.30418829999996433],[35.789162800000042,-0.30409949999994978],[35.789240200000052,-0.30401289999997516],[35.789249400000074,-0.3039513999999599],[35.789240200000052,-0.30391269999995529],[35.789160500000037,-0.3038738999999282],[35.789030700000069,-0.30383749999992915],[35.788884900000028,-0.30382839999992939],[35.788802900000064,-0.30378279999996494],[35.788675300000079,-0.30374859999994896],[35.788572800000054,-0.30377369999996517],[35.788490800000034,-0.30383289999997487],[35.788454300000069,-0.30392409999996062],[35.78835870000006,-0.30401289999997516],[35.788251600000024,-0.30403569999992897],[35.788162800000066,-0.30399009999996451],[35.78809670000004,-0.30385119999994004],[35.788103500000034,-0.30375089999995453],[35.788105800000039,-0.3036415999999349],[35.788064800000029,-0.30351629999995566],[35.78804660000003,-0.30337729999996554],[35.788094400000034,-0.30329079999995656],[35.788153600000044,-0.30311079999995627],[35.78817760000004,-0.30302649999993037],[35.78813770000005,-0.30295019999994111],[35.788076200000035,-0.30292399999996178],[35.787944100000061,-0.30292629999996734],[35.787669600000072,-0.30298779999992576],[35.78760120000004,-0.30299119999995128],[35.787505600000031,-0.30303899999995565],[35.787392800000077,-0.3030481999999779],[35.787337000000036,-0.30294109999994134],[35.787311900000077,-0.30280099999993126],[35.787283400000035,-0.30269619999995712],[35.787243600000068,-0.30256409999992684],[35.787142200000062,-0.30244449999997869],[35.786916700000063,-0.30230779999993729],[35.786716200000058,-0.30217449999997825],[35.786537400000043,-0.30202309999992849],[35.786489600000039,-0.30195129999992787],[35.786374500000079,-0.30185899999997901],[35.786252700000034,-0.30176219999992782],[35.786103400000059,-0.30169049999994968],[35.785977000000059,-0.3016163999999435],[35.785854000000029,-0.30149459999995543],[35.785805000000039,-0.30132829999996602],[35.785780000000045,-0.30120299999992994],[35.785793600000034,-0.30107659999993075],[35.785791400000051,-0.30097629999994524],[35.785754900000029,-0.3008874999999307],[35.785705900000039,-0.30077239999997119],[35.785593200000051,-0.30069499999996196],[35.78551230000005,-0.30068249999993668],[35.785406400000056,-0.30068249999993668],[35.785307300000056,-0.30065509999997175],[35.785191100000077,-0.30059819999996762],[35.785102300000062,-0.3005935999999565],[35.785030500000062,-0.30051619999994728],[35.784982700000057,-0.3003999999999678],[35.785005400000045,-0.30031679999996186],[35.785048700000061,-0.30025759999995216],[35.785105700000031,-0.30019719999995687],[35.785120500000062,-0.30009249999994836],[35.785062400000072,-0.29995809999996936],[35.785012300000062,-0.29984979999994721],[35.784992900000077,-0.29978829999993195],[35.784909800000037,-0.29966649999994388],[35.784856200000036,-0.29963799999995899],[35.784762800000067,-0.29963569999995343],[35.784661500000027,-0.29961639999993395],[35.784528200000068,-0.29959589999992886],[35.784446200000048,-0.29955259999996997],[35.784396100000038,-0.29950469999994311],[35.784305000000074,-0.2994727999999327],[35.784249200000033,-0.29948989999996911],[35.784187600000052,-0.29954689999993889],[35.784117000000037,-0.29957309999997506],[35.78403730000008,-0.29956049999992729],[35.783964400000059,-0.29957989999996926],[35.783904000000064,-0.29959129999997458],[35.783863000000053,-0.29954689999993889],[35.783848200000079,-0.29946369999993294],[35.783762800000034,-0.29934639999993351],[35.783701300000075,-0.2992848999999751],[35.783609000000069,-0.29924159999995936],[35.783576000000039,-0.29913229999993973],[35.783601100000055,-0.29902409999994006],[35.783655700000054,-0.29891249999997171],[35.783734300000049,-0.29880769999994072],[35.783742300000029,-0.29863569999997708],[35.78374000000008,-0.29860379999996667],[35.783727500000055,-0.29847619999992503],[35.783701300000075,-0.29839529999992465],[35.78354870000004,-0.29818579999994199],[35.78345870000004,-0.29817099999996799],[35.783361900000045,-0.29820399999994152],[35.78330260000007,-0.29824159999992617],[35.783158000000071,-0.29824609999997165],[35.783077100000071,-0.29820739999996704],[35.78303040000003,-0.29812079999993557],[35.782980300000077,-0.29801039999995282],[35.782956400000046,-0.29791579999994156],[35.782938200000046,-0.29781219999995301],[35.782868700000051,-0.29770739999997886],[35.78282310000003,-0.29768229999996265],[35.782793500000025,-0.29758099999997967],[35.782782100000077,-0.29745229999997491],[35.782699000000036,-0.29728939999995418],[35.782660200000066,-0.29722669999995333],[35.782577100000026,-0.29720279999997956],[35.782460900000046,-0.29720399999996516],[35.782334500000047,-0.29724149999992733],[35.782246800000053,-0.29727339999993774],[35.782193300000074,-0.29726319999997486],[35.782168200000058,-0.297200499999974],[35.782169300000078,-0.29713559999993322],[35.782224000000042,-0.29707869999992909],[35.782242200000042,-0.29703079999995907],[35.782209200000068,-0.29699669999996559],[35.782159100000058,-0.2969909999999345],[35.782061100000078,-0.29700229999997418],[35.781975700000032,-0.29699889999994866],[35.781917600000043,-0.2969817999999691],[35.781835600000079,-0.29688159999994923],[35.781780900000058,-0.29680299999995441],[35.781704600000069,-0.29680989999997109],[35.781640800000048,-0.2968485999999757],[35.781604400000049,-0.29689869999992879],[35.781548600000065,-0.29694309999996449],[35.781515500000069,-0.29699439999996002],[35.781409600000075,-0.29703309999996463],[35.781371500000034,-0.29703369999992901],[35.781346400000075,-0.29704849999995986],[35.781310000000076,-0.2970541999999341],[35.78126670000006,-0.2970501999999442],[35.781228500000054,-0.29705989999996518],[35.78114590000007,-0.29706159999994952],[35.78104970000004,-0.29706949999996368],[35.781029000000046,-0.29707729999995536],[35.78100070000005,-0.29708779999992885]]},"properties":{"OBJECTID":66,"FID":22121,"osm_id":"999275745","code":8102,"fclass":"stream","width":0,"name":"Marashoni","SHAPE_Length":0.042036416839408418}},{"type":"Feature","id":67,"geometry":{"type":"LineString","coordinates":[[35.723836700000049,-0.24459929999994756],[35.723970400000042,-0.2446273999999562],[35.724084400000038,-0.24460329999993746],[35.724319100000059,-0.24447189999995089],[35.724599400000045,-0.24432169999994358],[35.724752200000069,-0.24430019999994101],[35.725017800000046,-0.2443538999999646],[35.725401300000044,-0.24441289999992932],[35.725701700000059,-0.24449869999995144],[35.726045100000078,-0.24461399999995592],[35.726165800000047,-0.24467839999994112],[35.726198000000068,-0.24482859999994844],[35.726155000000063,-0.24505929999997988],[35.726168500000028,-0.24515049999996563],[35.726232800000048,-0.24519339999994827],[35.726299900000072,-0.24515319999994745],[35.726329400000054,-0.24507269999998016],[35.72643400000004,-0.24498689999995804],[35.726514500000064,-0.24500029999995832],[35.726589600000068,-0.24510489999994434],[35.726678100000072,-0.24513169999994489],[35.72678540000004,-0.2450511999999776],[35.726892600000042,-0.2450699999999415],[35.727053600000033,-0.24520679999994854],[35.727362000000028,-0.24543749999997999],[35.72764630000006,-0.24564939999993385],[35.72816940000007,-0.24611069999997426],[35.728775600000063,-0.2465853999999581],[35.729215400000044,-0.24697169999996049],[35.729521200000079,-0.2473498999999606],[35.729655300000047,-0.24756709999996929],[35.729700900000068,-0.24781919999992397],[35.729798800000026,-0.24800429999993412],[35.729902100000061,-0.24803379999997333],[35.729983900000036,-0.24805389999994532],[35.730265700000075,-0.24810229999997091],[35.73043210000003,-0.24811259999995627],[35.730621500000041,-0.24815099999995027],[35.730777600000067,-0.24820219999998017],[35.730850600000053,-0.24827119999997649],[35.730932100000075,-0.24831489999996847],[35.731074500000034,-0.24829939999995077],[35.731179500000053,-0.24833779999994476],[35.731212300000038,-0.24832199999997329],[35.731257700000072,-0.24830059999993637],[35.731309500000066,-0.24831369999992603],[35.731315100000074,-0.248347899999942],[35.731338400000027,-0.2483730999999807],[35.731385700000033,-0.24838719999996783],[35.731451600000071,-0.24840139999997746],[35.731521000000043,-0.2484026999999287],[35.731592900000066,-0.24834059999994906],[35.731658200000027,-0.24829839999995329],[35.731709300000034,-0.24824969999997393],[35.731755400000054,-0.24819219999994857],[35.731807900000035,-0.24812429999997221],[35.731868200000065,-0.24810749999994641]]},"properties":{"OBJECTID":67,"FID":865,"osm_id":"205623637","code":8102,"fclass":"stream","width":0,"name":"Molo River","SHAPE_Length":0.010389145959549338}},{"type":"Feature","id":68,"geometry":{"type":"LineString","coordinates":[[35.793716500000073,-0.36796089999995729],[35.793942000000072,-0.36792679999996381],[35.794117400000061,-0.36791769999996404],[35.794308800000067,-0.36799059999992778],[35.794468300000062,-0.36801109999993287],[35.794595800000025,-0.36797689999997374],[35.794677800000045,-0.3678948999999534],[35.794750700000066,-0.36787669999995387],[35.79480540000003,-0.36787209999994275]]},"properties":{"OBJECTID":68,"FID":22090,"osm_id":"999275701","code":8102,"fclass":"stream","width":0,"name":"","SHAPE_Length":0.001147327924677132}},{"type":"Feature","id":69,"geometry":{"type":"LineString","coordinates":[[35.686270600000057,-0.32044179999996913],[35.686399300000062,-0.32051159999997481],[35.686522700000069,-0.32050079999993386],[35.687327400000072,-0.31943869999997787],[35.687532600000054,-0.31929659999997284],[35.687728400000026,-0.31923349999993889],[35.687932200000034,-0.31919459999994615],[35.688149500000065,-0.31913029999992659],[35.688429700000029,-0.31905109999996739],[35.688626900000031,-0.31883119999997689],[35.688848200000052,-0.31878289999997378],[35.689027900000042,-0.31870919999994385],[35.689299900000037,-0.31820449999997891],[35.689591200000052,-0.31782399999997324],[35.690127600000039,-0.31693889999996827],[35.690341400000079,-0.31643359999992526],[35.690433400000074,-0.31568369999996548],[35.690610400000025,-0.31527599999992617],[35.691377500000044,-0.31474649999995563],[35.692015900000058,-0.3142137999999477],[35.692445600000042,-0.31395449999996572],[35.693616800000029,-0.31372029999994311],[35.693909500000075,-0.31341989999992848],[35.69433870000006,-0.31306589999996959],[35.694408400000043,-0.31264209999994819],[35.694612300000074,-0.31250259999995933],[35.695022300000062,-0.31218089999993026],[35.696860000000072,-0.31100059999994301],[35.697231000000045,-0.31060809999996764],[35.697866900000065,-0.31003919999994878],[35.699138500000061,-0.30957069999993791],[35.701972300000079,-0.30915519999996377],[35.702418100000045,-0.30903529999994817],[35.702717900000039,-0.30881199999993214],[35.703463500000055,-0.3086563999999612],[35.703817600000036,-0.30860269999993761],[35.704445200000066,-0.30857059999993908],[35.705314300000055,-0.30847939999995333],[35.706247700000063,-0.30836129999994455],[35.706880700000056,-0.30796979999996665],[35.708114500000079,-0.30756739999992533],[35.708913800000062,-0.30731529999997065],[35.709536100000037,-0.30692369999997027],[35.710356800000056,-0.30652669999994941],[35.711440400000072,-0.30589379999997846],[35.711756900000069,-0.3055503999999587],[35.712170000000071,-0.30516959999994242],[35.712663500000076,-0.30486379999996416],[35.713135600000044,-0.30465999999995574],[35.713403800000037,-0.30441319999994221],[35.71364520000003,-0.3041824999999676],[35.713902700000062,-0.30377479999992829],[35.714117300000055,-0.30334029999994527],[35.714164200000027,-0.30297819999992726],[35.714264600000035,-0.30240929999996524],[35.714272900000026,-0.30226749999997082],[35.714562500000056,-0.3020689999999604],[35.714959500000077,-0.30200999999993883],[35.715463800000066,-0.30167199999993954],[35.715469100000064,-0.301645199999939],[35.715804000000048,-0.3013384999999289],[35.716241600000046,-0.30125899999995909],[35.71670290000003,-0.30091559999993933],[35.717201800000055,-0.30089419999995926],[35.717555900000036,-0.3008834999999408],[35.717754400000047,-0.30084589999995615],[35.718135200000063,-0.30044889999993529],[35.71858050000003,-0.29991249999994807],[35.718682400000034,-0.29971399999993764],[35.718660900000032,-0.29939219999994293],[35.718660900000032,-0.29894689999997581],[35.718800400000077,-0.29854459999995697],[35.719050000000038,-0.29812589999994543],[35.719284300000027,-0.29665349999993396],[35.72065630000003,-0.29548219999992398],[35.723333500000024,-0.29421059999992849],[35.72436870000007,-0.2936254999999619],[35.724813900000072,-0.29365769999992608],[35.725393300000064,-0.29338409999996884],[35.725758100000064,-0.2931480999999394],[35.726278400000069,-0.29317489999993995],[35.72686310000006,-0.2931480999999394],[35.72706160000007,-0.29293889999996736],[35.727217200000041,-0.2923755999999571],[35.727324500000066,-0.2922092999999677],[35.727458600000034,-0.29221999999992931],[35.72762490000008,-0.29239169999993919],[35.727839500000073,-0.29250969999992549],[35.728018600000041,-0.2924703999999565],[35.728408100000024,-0.29218779999996514],[35.728536800000029,-0.29196789999997463],[35.728998200000035,-0.29194109999997409],[35.729813600000057,-0.29181769999996732],[35.730124700000033,-0.29178019999994831],[35.730451900000048,-0.29150119999997059],[35.731154700000047,-0.29151189999993221],[35.731412200000079,-0.29141539999994848],[35.731406800000059,-0.29142609999996694],[35.731551600000046,-0.29137249999996584],[35.731701800000053,-0.29113639999997076],[35.732039800000052,-0.29113109999997278],[35.73221680000006,-0.29122229999995852],[35.732356300000049,-0.29123299999997698],[35.732597700000042,-0.29108819999993329],[35.733021500000063,-0.29119539999993549],[35.733305800000039,-0.29123299999997698],[35.733579400000053,-0.29130269999996017],[35.733708100000058,-0.29120619999997643],[35.733834900000033,-0.29110489999993661],[35.733893200000068,-0.29106939999996939],[35.734008500000073,-0.29108819999993329],[35.734148000000062,-0.29116859999993494],[35.734266000000048,-0.29124639999997726],[35.73426870000003,-0.29124909999995907],[35.73451010000008,-0.29121419999995624],[35.734507400000041,-0.29121419999995624],[35.734990200000027,-0.29119809999997415],[35.735545500000057,-0.29096749999996518],[35.736114100000066,-0.2908949999999777],[35.736937500000067,-0.29093799999992598],[35.737326400000029,-0.29095669999992424],[35.737865600000077,-0.2905758999999648],[35.738149900000053,-0.29045519999993985],[35.738568300000054,-0.2901868999999806],[35.738573700000074,-0.2901868999999806],[35.738734600000043,-0.28997239999995372],[35.738734600000043,-0.28998309999997218],[35.738986700000055,-0.289655899999957],[35.739153000000044,-0.28933939999996028],[35.739330000000052,-0.28918919999995296],[35.739737700000035,-0.289001399999961],[35.739823600000079,-0.28876539999993156],[35.739855800000043,-0.28840059999993173],[35.740054200000031,-0.28820209999997815],[35.740392200000031,-0.28811629999995603],[35.741035900000043,-0.28798759999995127],[35.741202200000032,-0.28805459999995264],[35.741457000000025,-0.28796609999994871],[35.74174400000004,-0.28773809999995592],[35.742106100000058,-0.28781049999997776],[35.74210080000006,-0.28780789999996159],[35.742371700000035,-0.28783739999994395],[35.742631800000026,-0.28773539999997411],[35.742820900000027,-0.28775419999993801],[35.742908100000079,-0.2877514999999562],[35.743184400000075,-0.2876978999999551],[35.743500900000072,-0.28754769999994778],[35.743594800000039,-0.28765499999997246],[35.743857600000069,-0.28778909999994085],[35.743863000000033,-0.28778909999994085],[35.744074900000044,-0.28771669999997584],[35.744404800000041,-0.28786149999996269],[35.744404800000041,-0.2878641999999445],[35.744632800000034,-0.2881216999999765],[35.744984100000067,-0.28827459999996563],[35.744981500000051,-0.28827189999992697],[35.74517730000008,-0.28837109999994937],[35.745410600000071,-0.28818599999993921],[35.745638600000063,-0.28834969999996929],[35.745751300000052,-0.28829599999994571],[35.745845100000054,-0.28829329999996389],[35.746062400000028,-0.28845689999997148],[35.746440600000028,-0.28851859999997487],[35.746754400000043,-0.28859909999994215],[35.747368600000073,-0.28875739999995176],[35.747720000000072,-0.28868489999996427],[35.748004300000048,-0.28850249999993594],[35.748294000000044,-0.28834429999994882],[35.748575600000038,-0.28818069999994123],[35.748843800000031,-0.28802779999995209],[35.749071800000024,-0.28779449999996132],[35.74934010000004,-0.28772199999997383],[35.749425900000062,-0.28755309999996825],[35.749560000000031,-0.28742969999996149],[35.749570700000049,-0.28741889999997738],[35.749672600000054,-0.28717749999992748],[35.749737000000039,-0.2868717999999717],[35.749828200000024,-0.2866786999999249],[35.74996770000007,-0.28656599999993659],[35.750128600000039,-0.28640509999996766],[35.750284200000067,-0.28609929999993255],[35.750343200000032,-0.2858525999999415],[35.750573900000063,-0.28583109999993894],[35.750713300000029,-0.28576139999995576],[35.750927900000079,-0.28543949999993856],[35.751153200000033,-0.28527319999994916],[35.751239100000078,-0.2851336999999603],[35.751244400000076,-0.2851336999999603],[35.751228300000037,-0.28496739999997089],[35.751265900000078,-0.28483329999994567],[35.751373200000046,-0.28457579999997051],[35.75147510000005,-0.28448459999992792],[35.751555600000074,-0.28446319999994785],[35.751657500000078,-0.28455439999993359],[35.751764800000046,-0.28454899999996996],[35.751925700000072,-0.28448459999992792],[35.752027600000076,-0.28439879999996265],[35.752065200000061,-0.28418959999993376],[35.752065200000061,-0.28397499999994125],[35.752193900000066,-0.28374969999993027],[35.752365600000076,-0.2835458999999787],[35.752698200000054,-0.28339029999995091],[35.752698200000054,-0.28339569999997138],[35.752944900000045,-0.28325889999996434],[35.753331200000048,-0.28297989999992978],[35.753572600000041,-0.2829021999999668],[35.753682600000047,-0.28273849999993672],[35.753867600000035,-0.28232549999995626],[35.754092900000046,-0.28119089999995595],[35.754302100000075,-0.28083689999994021],[35.75453280000005,-0.28042919999995775],[35.754613400000039,-0.28009929999996075],[35.754793000000063,-0.27965669999997544]]},"properties":{"OBJECTID":69,"FID":1665,"osm_id":"250545832","code":8102,"fclass":"stream","width":0,"name":"","SHAPE_Length":0.089935686519017427}},{"type":"Feature","id":70,"geometry":{"type":"LineString","coordinates":[[35.817809700000055,-0.32447269999994433],[35.817850800000031,-0.32436999999993077],[35.817886800000053,-0.3237163999999666],[35.817691500000024,-0.32221569999995836],[35.817629800000077,-0.32154749999995147],[35.81759900000003,-0.32116719999993393],[35.817342000000053,-0.32047849999997879],[35.817026400000032,-0.32023079999993342],[35.816652100000056,-0.31964209999995319],[35.816248700000074,-0.31951489999994465],[35.815928700000029,-0.31938029999997752]]},"properties":{"OBJECTID":70,"FID":1499,"osm_id":"244394776","code":8102,"fclass":"stream","width":0,"name":"","SHAPE_Length":0.0059351890787240008}},{"type":"Feature","id":71,"geometry":{"type":"LineString","coordinates":[[35.688382800000056,-0.29814639999995052],[35.688512900000035,-0.29812079999993557],[35.688601400000039,-0.29788209999992432],[35.68874900000003,-0.29762999999996964],[35.688960800000075,-0.29741809999995894],[35.689441100000067,-0.29636239999996405],[35.689843400000029,-0.29562879999997449],[35.690293000000054,-0.29470599999996239],[35.690577000000076,-0.29371209999993653],[35.691381500000034,-0.29252899999994497],[35.692162400000029,-0.2915351999999416],[35.693369200000063,-0.29056499999995822],[35.694459000000052,-0.28923259999993434],[35.69491000000005,-0.28886069999992969],[35.695142800000042,-0.28846429999993006],[35.695564000000047,-0.28843979999993508],[35.695812300000057,-0.28808959999997796],[35.696289000000036,-0.28757939999997006],[35.69703700000008,-0.28647129999995968],[35.697028900000078,-0.28559439999997949]]},"properties":{"OBJECTID":71,"FID":26264,"osm_id":"1090815625","code":8102,"fclass":"stream","width":0,"name":"","SHAPE_Length":0.015807535910647395}},{"type":"Feature","id":72,"geometry":{"type":"LineString","coordinates":[[35.757088500000066,-0.3582702999999583],[35.757072600000072,-0.35809039999998049],[35.757038400000056,-0.3580447999999592],[35.756965500000035,-0.35803109999994831]]},"properties":{"OBJECTID":72,"FID":22135,"osm_id":"999275761","code":8102,"fclass":"stream","width":0,"name":"","SHAPE_Length":0.00031177741527125847}},{"type":"Feature","id":73,"geometry":{"type":"LineString","coordinates":[[35.754793000000063,-0.27965669999997544],[35.75492440000005,-0.2794662999999673]]},"properties":{"OBJECTID":73,"FID":5830,"osm_id":"598192626","code":8102,"fclass":"stream","width":0,"name":"","SHAPE_Length":0.00023133983660314576}},{"type":"Feature","id":74,"geometry":{"type":"LineString","coordinates":[[35.809526400000038,-0.41113699999993969],[35.809631800000034,-0.41115869999993038],[35.809778700000038,-0.41122699999993984],[35.80986530000007,-0.41121899999996003],[35.809957500000053,-0.41122699999993984],[35.810027000000048,-0.41122589999997672],[35.810095300000057,-0.41118149999994102],[35.810170500000027,-0.41114159999995081],[35.810367600000063,-0.41105159999995067],[35.810431400000027,-0.41100829999993493],[35.810476900000026,-0.41092749999995704],[35.810523800000055,-0.41085069999996904]]},"properties":{"OBJECTID":74,"FID":22093,"osm_id":"999275704","code":8102,"fclass":"stream","width":0,"name":"","SHAPE_Length":0.0011617288667747135}},{"type":"Feature","id":75,"geometry":{"type":"LineString","coordinates":[[35.807323000000054,-0.4107485999999767],[35.80739820000008,-0.41082839999995713],[35.807516700000065,-0.41089899999997215],[35.807671600000049,-0.41094679999997652],[35.807849200000078,-0.41095589999997628],[35.807935800000052,-0.41096729999992476],[35.808008700000073,-0.41096959999993032],[35.808143100000052,-0.41090349999996079],[35.808286600000031,-0.41090349999996079],[35.808373200000062,-0.41093309999996563],[35.808448400000032,-0.41098329999994121],[35.808498500000042,-0.41105159999995067],[35.808575900000051,-0.4110880999999722],[35.808758200000057,-0.41109259999996084],[35.808862900000065,-0.41108119999995552],[35.80897230000005,-0.4111016999999606],[35.80907940000003,-0.41111309999996593],[35.809135900000058,-0.41109789999995883],[35.809172800000056,-0.4110880999999722],[35.809295800000029,-0.41106979999995019],[35.80940970000006,-0.41111079999996036],[35.809526400000038,-0.41113699999993969],[35.809578200000033,-0.41112449999997125],[35.809639700000048,-0.41109719999997196],[35.809792400000049,-0.4110173999999347],[35.809954100000027,-0.41097189999993589],[35.810159100000078,-0.41098549999992429],[35.810261600000047,-0.41093769999997676],[35.810434800000053,-0.4108829999999557],[35.810523800000055,-0.41085069999996904],[35.810585100000026,-0.41082839999995713],[35.810678500000051,-0.41078049999993027],[35.810740000000067,-0.41071219999997766],[35.810840300000052,-0.41066659999995636],[35.810945000000061,-0.41056869999994206],[35.811063500000046,-0.41050489999997808],[35.81114320000006,-0.4104251999999633],[35.811172800000065,-0.41034769999993159],[35.811261700000045,-0.41025199999995721],[35.811325500000066,-0.41020189999994727],[35.811348200000054,-0.41013579999997773],[35.811366500000076,-0.41008349999992788],[35.811432500000024,-0.4100720999999794],[35.811496300000044,-0.41009259999992764],[35.811562400000071,-0.41003109999996923],[35.811680800000033,-0.40988299999997935],[35.811712700000044,-0.40981919999995853],[35.811794700000064,-0.40977589999994279],[35.811833500000034,-0.40972809999993842],[35.811824400000035,-0.40966429999997445],[35.811851700000034,-0.40961649999997007],[35.811947400000065,-0.40957319999995434],[35.811965600000065,-0.40951169999993908],[35.811999800000024,-0.40945929999998043],[35.812070400000039,-0.40942509999996446],[35.812138700000048,-0.40935899999993808],[35.812163800000064,-0.40928389999993442],[35.812172900000064,-0.40922459999995908],[35.812223000000074,-0.40918139999996583],[35.812334600000042,-0.40914719999994986],[35.812405200000057,-0.40909019999998009],[35.812432600000079,-0.40898999999996022],[35.812462200000027,-0.40892849999994496],[35.812546500000053,-0.40889889999994011],[35.812664900000073,-0.40886929999993527],[35.812819800000057,-0.408778199999972],[35.812920100000042,-0.40873259999995071],[35.813013500000068,-0.40866199999993569],[35.813038500000062,-0.40856859999996686],[35.813068100000066,-0.40851389999994581],[35.813070400000072,-0.40842509999993126],[35.81313190000003,-0.40834989999996196],[35.813257200000066,-0.40828609999994114],[35.813300500000025,-0.40819949999996652],[35.813346100000047,-0.40812659999994594],[35.813407600000062,-0.40808339999995269],[35.813439500000072,-0.40802639999992607],[35.813446300000066,-0.40795579999996789],[35.813498700000025,-0.40786469999994779],[35.81351230000007,-0.40773259999997435],[35.813503200000071,-0.40761179999992692],[35.813482700000066,-0.40749109999995881],[35.813475900000071,-0.40738169999997353],[35.81351230000007,-0.40726099999994858],[35.813503200000071,-0.40705829999996013],[35.813573900000051,-0.40695119999998042],[35.813592100000051,-0.40685549999994919],[35.813644500000066,-0.40670749999992495],[35.813635400000067,-0.40662319999995589],[35.813662700000066,-0.40652519999997594],[35.813756100000035,-0.40640899999993962],[35.813781200000051,-0.40626099999997223],[35.813840400000061,-0.40607869999996637],[35.813995300000045,-0.40598309999995763],[35.814072700000054,-0.40588049999996656],[35.814093200000059,-0.40582129999995686],[35.814111500000024,-0.40570059999993191],[35.814168400000028,-0.40562309999995705],[35.814289100000053,-0.40555929999993623],[35.814341500000069,-0.40550009999992653],[35.814348400000029,-0.40543179999997392],[35.814373400000079,-0.40535199999993665],[35.814428100000043,-0.40525639999992791],[35.814437200000043,-0.40517889999995305],[35.814466800000048,-0.40509919999993826],[35.814573900000028,-0.40498299999995879],[35.814731100000074,-0.40485319999993408],[35.814870000000042,-0.40467549999993935],[35.815040900000042,-0.40454559999994899],[35.815129700000057,-0.40445449999992888],[35.815184400000078,-0.4043587999999545],[35.815227700000037,-0.404306399999939],[35.81525270000003,-0.40419939999992494],[35.815353000000073,-0.40409459999995079],[35.815512400000046,-0.40401259999993044],[35.81573110000005,-0.40395339999997759],[35.81592020000005,-0.40385079999992968],[35.816093300000034,-0.40373239999996713],[35.81632570000005,-0.40361389999992525],[35.816478300000028,-0.40355009999996128],[35.816576300000065,-0.4035774999999262],[35.816610400000059,-0.40353189999996175],[35.816635500000075,-0.40348179999995182],[35.816733400000032,-0.40344759999993585],[35.816895200000033,-0.40343169999994188],[35.81700150000006,-0.40335679999992635]]},"properties":{"OBJECTID":75,"FID":22097,"osm_id":"999275708","code":8102,"fclass":"stream","width":0,"name":"","SHAPE_Length":0.014290647632851821}},{"type":"Feature","id":76,"geometry":{"type":"LineString","coordinates":[[35.785681300000078,-0.39599009999994905],[35.785823500000049,-0.39576219999997875],[35.786086300000079,-0.39545909999992546],[35.786365300000057,-0.39536789999993971],[35.78664150000003,-0.39522839999995085],[35.786971400000027,-0.3950540999999248],[35.78706260000007,-0.39502189999996062],[35.78717800000004,-0.39505939999997963],[35.78738450000003,-0.39513989999994692],[35.787515900000074,-0.39513449999992645],[35.787666100000024,-0.39506479999994326],[35.787840500000073,-0.39487169999995331],[35.78799070000008,-0.39475099999992835],[35.788189200000033,-0.39462489999993977],[35.78836350000006,-0.39461419999997815],[35.788470800000027,-0.39464639999994233],[35.788610300000073,-0.3946409999999787],[35.788779300000044,-0.39456059999997706],[35.788806100000045,-0.39447739999997111],[35.788843600000064,-0.39435939999992797],[35.788873100000046,-0.39427619999997887],[35.788950900000032,-0.39424409999998034],[35.789050200000077,-0.39429499999994277],[35.789181600000063,-0.39440769999993108],[35.789280800000029,-0.39438349999994671],[35.789406900000074,-0.39423869999995986],[35.789557100000025,-0.39408849999995255],[35.789648300000067,-0.3939141999999265],[35.789602700000046,-0.39381759999997712],[35.789388100000053,-0.39376929999997401],[35.789138700000024,-0.39371569999997291],[35.789066300000059,-0.39366469999993114],[35.789036700000054,-0.39356819999994741],[35.789098400000057,-0.39336429999997335],[35.789189600000043,-0.39310409999995954],[35.78930500000007,-0.39280639999992673],[35.789457900000059,-0.39262139999993906],[35.789594600000044,-0.39241479999992634],[35.789602700000046,-0.39229679999994005],[35.789605400000028,-0.39210909999997057],[35.789642900000047,-0.39188379999995959],[35.789715300000069,-0.39168259999996735],[35.789779700000054,-0.39145999999993819],[35.789769000000035,-0.39133389999994961],[35.789720700000032,-0.39126959999993005],[35.789672400000029,-0.39117029999994202],[35.789715300000069,-0.39099059999995234],[35.789828000000057,-0.39072239999995872],[35.789946000000043,-0.39045689999994693],[35.790023800000029,-0.39028789999997571],[35.790128400000071,-0.39017789999996921],[35.790332300000046,-0.39018329999993284],[35.790536100000054,-0.39029059999995752],[35.79066750000004,-0.39032539999993787],[35.790756000000044,-0.39026379999995697],[35.790801600000066,-0.39007869999994682],[35.790871400000071,-0.38984529999993356],[35.790957200000037,-0.38971389999994699],[35.791099400000064,-0.38962269999996124],[35.791233500000033,-0.38967639999992798],[35.791375600000038,-0.38967639999992798],[35.79156340000003,-0.3896038999999405],[35.791820900000062,-0.3894858999999542],[35.792105200000037,-0.38934909999994716],[35.792411000000072,-0.38918819999997822],[35.792727500000069,-0.38902729999995245],[35.792866900000035,-0.38887439999996332],[35.79294740000006,-0.38880469999998013],[35.793041300000027,-0.38875099999995655],[35.793171400000062,-0.38867729999992662],[35.79331760000008,-0.3886061999999697],[35.793466400000057,-0.38855389999997669],[35.793580400000053,-0.38850699999994731]]},"properties":{"OBJECTID":76,"FID":25239,"osm_id":"1043318897","code":8102,"fclass":"stream","width":0,"name":"","SHAPE_Length":0.013764301441616722}},{"type":"Feature","id":77,"geometry":{"type":"LineString","coordinates":[[35.720914400000026,-0.24515959999996539],[35.721014600000046,-0.24504409999997279],[35.721100600000057,-0.24497759999997015],[35.721154100000035,-0.24494189999995797],[35.721212500000036,-0.24491269999992937],[35.721257900000069,-0.24489969999996219],[35.721334200000058,-0.24491269999992937],[35.72136340000003,-0.24494029999993927],[35.721436400000073,-0.24499219999995603],[35.721517500000061,-0.24502299999994648],[35.721554800000035,-0.2450327999999331],[35.721572700000024,-0.2450083999999606],[35.721566200000041,-0.24497269999994842],[35.721566200000041,-0.24494189999995797],[35.721606700000052,-0.24494189999995797],[35.721652200000051,-0.24492079999993166],[35.721679700000038,-0.24488999999994121],[35.721708100000058,-0.24485429999992903],[35.721722700000043,-0.24482509999995727],[35.72173980000008,-0.24479909999996607],[35.721754400000066,-0.24476989999993748],[35.721772200000032,-0.24474799999995867],[35.721793300000058,-0.24474149999997508],[35.721807900000044,-0.24473989999995638],[35.721828200000061,-0.24474639999993997],[35.721859000000052,-0.24475699999993594],[35.721889000000033,-0.24477319999994052],[35.721919000000071,-0.24476099999992584],[35.721927100000073,-0.24473669999997583],[35.721948200000043,-0.24471719999996822],[35.722001800000044,-0.24468399999994972],[35.722040700000036,-0.24465959999997722],[35.722089400000073,-0.2446465999999532],[35.722138000000029,-0.24465149999997493],[35.72217130000007,-0.24465879999996787],[35.722196500000052,-0.24465879999996787],[35.722214300000076,-0.24467989999993733],[35.72222000000005,-0.24471799999997756],[35.722229700000071,-0.24475049999995235],[35.72224760000006,-0.2447828999999615],[35.722257300000024,-0.244807299999934],[35.722281600000031,-0.24484379999995554],[35.722303500000066,-0.24486969999992425],[35.722323000000074,-0.24488919999993186],[35.722357900000077,-0.24491109999996752],[35.722383000000036,-0.24492079999993166],[35.722405700000024,-0.24493539999997438],[35.722433300000034,-0.2449556999999345],[35.722470600000065,-0.2449556999999345],[35.722499800000037,-0.24494839999994156],[35.72251440000008,-0.24493619999992688],[35.722527400000047,-0.24490219999995588],[35.722543600000051,-0.24486399999995001],[35.722577700000045,-0.2448364999999626],[35.722610100000054,-0.24481539999993629],[35.722640200000058,-0.24480159999995976],[35.722694500000046,-0.24478049999993345],[35.722739900000079,-0.24477559999996856],[35.722778100000028,-0.24476429999992888],[35.722819400000049,-0.24475049999995235],[35.722859200000073,-0.24474239999995007],[35.722888400000045,-0.24474639999993997],[35.722942700000033,-0.24472289999994246],[35.722980000000064,-0.24469689999995126],[35.723023000000069,-0.24466529999995146],[35.72307980000005,-0.24465959999997722],[35.72312850000003,-0.24466939999996384],[35.723161700000048,-0.24465479999997797],[35.723181200000056,-0.24467579999992495],[35.723195300000043,-0.24469269999997323],[35.723222900000053,-0.24470079999997552],[35.723260200000027,-0.24468289999992976],[35.723298300000067,-0.24466429999995398],[35.723341300000072,-0.24463589999993474],[35.72338110000004,-0.24461559999997462],[35.723442700000078,-0.24457339999997885],[35.723488200000077,-0.24455239999997502],[35.723542500000065,-0.24452799999994568],[35.72358870000005,-0.24450529999995751],[35.723636600000077,-0.24450209999997696],[35.72366500000004,-0.24451099999993176],[35.723691000000031,-0.24452399999995578],[35.723836700000049,-0.24459929999994756]]},"properties":{"OBJECTID":77,"FID":877,"osm_id":"206630190","code":8102,"fclass":"stream","width":0,"name":"Tayari stream","SHAPE_Length":0.0036518437014344653}},{"type":"Feature","id":78,"geometry":{"type":"LineString","coordinates":[[35.82684340000003,-0.29395289999996521],[35.827686300000039,-0.29319219999996449],[35.828118000000075,-0.29175319999995963],[35.828049500000077,-0.29039059999996653],[35.828439700000047,-0.28923739999993359],[35.828976700000055,-0.28654639999996334],[35.830197800000064,-0.28398799999996527],[35.832872500000065,-0.27927819999996473],[35.83647760000008,-0.27587569999997186],[35.838919800000042,-0.26843299999995907],[35.839268700000048,-0.2620368999999414],[35.837291700000037,-0.25796669999994037],[35.838843633000067,-0.25598019499994962]]},"properties":{"OBJECTID":78,"FID":1509,"osm_id":"244397412","code":8101,"fclass":"river","width":0,"name":"","SHAPE_Length":0.04245646778966828}},{"type":"Feature","id":79,"geometry":{"type":"LineString","coordinates":[[35.80655530000007,-0.41714529999995875],[35.806610000000035,-0.41704959999992752],[35.806655600000056,-0.41697209999995266],[35.806733000000065,-0.41694929999994201],[35.806867400000044,-0.41694709999995894],[35.806935800000076,-0.41688329999993812],[35.80700180000008,-0.41680579999996326],[35.807213700000034,-0.41670789999994895],[35.807368600000075,-0.41670559999994339],[35.807496100000037,-0.41663949999997385],[35.807562200000064,-0.41653929999995398],[35.807721700000059,-0.41646869999993896],[35.807881100000031,-0.41646409999992784],[35.807979100000068,-0.4164663999999334],[35.808052000000032,-0.41640029999996386],[35.808099800000036,-0.41629779999993843],[35.808175000000062,-0.41617479999996476],[35.808250200000032,-0.41606319999993957],[35.808334500000058,-0.41593789999996034],[35.808352700000057,-0.41583309999992935],[35.808439200000066,-0.41578759999993053],[35.808496200000036,-0.41569869999995035],[35.808566800000051,-0.41561899999993557],[35.808607800000061,-0.41553239999996094],[35.808696700000041,-0.41544129999994084],[35.808712600000035,-0.41534109999997781],[35.808744500000046,-0.41527499999995143],[35.808717200000046,-0.41517479999993157],[35.808708000000024,-0.41507459999996854],[35.80871030000003,-0.41497889999993731],[35.808826500000066,-0.41488999999995713],[35.808963200000051,-0.41480349999994814],[35.809083900000076,-0.41476469999997789],[35.80922060000006,-0.41474649999997837],[35.809396000000049,-0.41475339999993821],[35.80951900000008,-0.41470319999996264]]},"properties":{"OBJECTID":79,"FID":22099,"osm_id":"999275710","code":8102,"fclass":"stream","width":0,"name":"Marashoni","SHAPE_Length":0.0043312474657604041}},{"type":"Feature","id":80,"geometry":{"type":"LineString","coordinates":[[35.737712212000076,-0.38509232999996357],[35.737793100000033,-0.38505099999997583],[35.738164600000061,-0.38503219999995508],[35.738681000000042,-0.38494509999992488],[35.73910740000008,-0.38488069999993968],[35.739466800000059,-0.3849128999999607],[35.740102500000035,-0.38497719999998026],[35.740523600000074,-0.38512209999993274],[35.740840100000071,-0.38528029999997671],[35.741202200000032,-0.38531249999994088],[35.741534800000068,-0.385398299999963],[35.741882200000077,-0.3855270999999334],[35.74193450000007,-0.38559009999994487],[35.742048500000067,-0.38564239999993788],[35.742158400000051,-0.38570009999995136],[35.742319400000042,-0.38578459999996539],[35.742405200000064,-0.38585829999993848],[35.742605000000026,-0.38589189999993323],[35.742854500000078,-0.38588109999994913],[35.743055600000048,-0.38584759999997686],[35.743321200000025,-0.38580069999994748],[35.743809300000066,-0.38577649999996311],[35.744407500000079,-0.3856665999999791],[35.744560400000069,-0.38573359999998047],[35.744876900000065,-0.38585969999996905],[35.745171900000059,-0.38601789999995617],[35.745410600000071,-0.38624859999993078],[35.745473444000027,-0.38629803799994988]]},"properties":{"OBJECTID":80,"FID":26042,"osm_id":"1086788631","code":8102,"fclass":"stream","width":0,"name":"","SHAPE_Length":0.008197709447589489}},{"type":"Feature","id":81,"geometry":{"type":"LineString","coordinates":[[35.71230950000006,-0.35697689999994964],[35.712357800000063,-0.35706139999996367],[35.712398000000064,-0.3571203999999284],[35.712417400000049,-0.35715589999995245],[35.712414100000046,-0.35720689999993738],[35.712412100000051,-0.35728469999997969],[35.712428200000033,-0.35737519999997858],[35.712422100000026,-0.35745299999996405],[35.71243080000005,-0.35755159999996522],[35.712429500000042,-0.35762129999994841],[35.712425500000052,-0.35769709999993893],[35.71243620000007,-0.35776679999997896],[35.712446900000032,-0.35784119999993891],[35.712447078000025,-0.35784602299997914]]},"properties":{"OBJECTID":81,"FID":25424,"osm_id":"1050149804","code":8102,"fclass":"stream","width":0,"name":"","SHAPE_Length":0.00090317968330171354}},{"type":"Feature","id":82,"geometry":{"type":"LineString","coordinates":[[35.741655500000036,-0.25906829999996717],[35.74175740000004,-0.25899319999996351]]},"properties":{"OBJECTID":82,"FID":5508,"osm_id":"579979822","code":8101,"fclass":"river","width":0,"name":"","SHAPE_Length":0.00012658443822763865}},{"type":"Feature","id":83,"geometry":{"type":"LineString","coordinates":[[35.816576000000055,-0.36097169999993639],[35.817037600000049,-0.36082629999992832],[35.818178700000033,-0.36054649999994126],[35.818563900000072,-0.36009219999994002],[35.818789300000049,-0.35919099999995296],[35.819613900000036,-0.3583646999999246],[35.820654500000046,-0.35416809999992438],[35.821221500000036,-0.35197309999995241],[35.824117900000033,-0.34956349999993108],[35.824681200000043,-0.34909489999995458],[35.826164000000063,-0.34767029999994747],[35.827821200000074,-0.34458859999995184],[35.831891400000075,-0.3398787999999513],[35.832258200000069,-0.33583789999994451],[35.832472900000027,-0.33348269999993363],[35.832717500000058,-0.32968349999993052]]},"properties":{"OBJECTID":83,"FID":1500,"osm_id":"244394777","code":8102,"fclass":"stream","width":0,"name":"","SHAPE_Length":0.037451618445364231}},{"type":"Feature","id":84,"geometry":{"type":"LineString","coordinates":[[35.777964100000077,-0.29667089999992413],[35.778071200000056,-0.29660709999996016],[35.77819420000003,-0.29656839999995555],[35.778367400000036,-0.29657519999994975],[35.778517700000066,-0.296636699999965],[35.778784200000075,-0.29672779999992827],[35.779055300000039,-0.29682119999995393],[35.779235300000039,-0.29692599999992808],[35.779526900000064,-0.29702169999995931],[35.779679500000043,-0.29706039999996392],[35.779889100000048,-0.29706269999996948],[35.780016100000068,-0.29702679999996917],[35.780223900000067,-0.29697159999994938]]},"properties":{"OBJECTID":84,"FID":22122,"osm_id":"999275746","code":8102,"fclass":"stream","width":0,"name":"","SHAPE_Length":0.0023869302949843609}},{"type":"Feature","id":85,"geometry":{"type":"LineString","coordinates":[[35.816152600000066,-0.40878039999995508],[35.816220900000076,-0.40865739999992456],[35.81630750000005,-0.40854809999996178],[35.816428200000075,-0.40847289999993563],[35.816537500000038,-0.40847969999992984],[35.816592200000059,-0.4085662999999613],[35.81662410000007,-0.40865059999993036],[35.816690200000039,-0.40866649999992433],[35.816794900000048,-0.40864599999997608],[35.816879200000074,-0.40852299999994557],[35.816979500000059,-0.40845239999993055],[35.817150300000037,-0.40823139999997693],[35.817243700000063,-0.40818589999997812],[35.817337100000032,-0.40813579999996819],[35.817444200000068,-0.40802409999997735],[35.817646900000057,-0.40790109999994684],[35.817790400000035,-0.40786699999995335],[35.817833700000051,-0.40779179999992721],[35.817924800000071,-0.40769379999994726],[35.818054700000062,-0.40769159999996418],[35.818150400000036,-0.40766189999993685],[35.818195900000035,-0.40757079999997359],[35.818255100000044,-0.40750929999995833],[35.818353100000024,-0.40749109999995881],[35.818423700000039,-0.40744549999993751],[35.818467000000055,-0.40733619999997472],[35.818444200000044,-0.40720629999992752],[35.818457900000055,-0.40697169999992866],[35.818535300000065,-0.40677119999998013],[35.818617300000028,-0.40656619999992927],[35.818719900000076,-0.40647049999995488],[35.818908900000054,-0.40635889999992969]]},"properties":{"OBJECTID":85,"FID":22101,"osm_id":"999275712","code":8102,"fclass":"stream","width":0,"name":"Marashoni","SHAPE_Length":0.0043009748178383976}},{"type":"Feature","id":86,"geometry":{"type":"LineString","coordinates":[[35.759348300000056,-0.35416539999994257],[35.759277700000041,-0.35416539999994257],[35.759186600000078,-0.35410159999997859],[35.75906580000003,-0.35396489999993719],[35.758999800000026,-0.35395349999993186],[35.758892700000047,-0.35395349999993186],[35.758774300000027,-0.35392389999992702],[35.758669500000053,-0.35393529999993234],[35.758519100000058,-0.3539511999999263],[35.758396100000027,-0.35395579999993743],[35.75817950000004,-0.3540075999999317]]},"properties":{"OBJECTID":86,"FID":22137,"osm_id":"999275763","code":8102,"fclass":"stream","width":0,"name":"","SHAPE_Length":0.0012628171490723474}},{"type":"Feature","id":87,"geometry":{"type":"LineString","coordinates":[[35.816743000000031,-0.33238449999993236],[35.816901500000029,-0.33202759999994669],[35.817220200000065,-0.33139549999992823],[35.817672400000049,-0.33083529999993289],[35.81756450000006,-0.33018769999995357],[35.817456600000071,-0.32925229999995054],[35.817636500000049,-0.32833749999997508],[35.818016800000066,-0.32771559999997635],[35.817924300000072,-0.32700119999992694],[35.81778550000007,-0.32615839999994023],[35.817680100000075,-0.32564259999998058],[35.817680100000075,-0.32536359999994602],[35.81772570000004,-0.32496929999996382],[35.817768600000079,-0.32463409999996884],[35.817809700000055,-0.32447269999994433]]},"properties":{"OBJECTID":87,"FID":25312,"osm_id":"1044651644","code":8102,"fclass":"stream","width":0,"name":"","SHAPE_Length":0.0083591503074566618}},{"type":"Feature","id":88,"geometry":{"type":"LineString","coordinates":[[35.703823000000057,-0.33337979999993195],[35.70340310000006,-0.33275649999995949],[35.703356300000053,-0.33172299999995403],[35.703023700000074,-0.330596499999956],[35.703184600000043,-0.33024249999994026],[35.703195300000061,-0.32942709999997533],[35.702813700000036,-0.32879659999997557],[35.702276600000062,-0.32825629999996409]]},"properties":{"OBJECTID":88,"FID":5823,"osm_id":"597901358","code":8102,"fclass":"stream","width":0,"name":"","SHAPE_Length":0.0056638251559601718}},{"type":"Feature","id":89,"geometry":{"type":"LineString","coordinates":[[35.780223900000067,-0.29697159999994938],[35.780235300000072,-0.29694199999994453],[35.780253500000072,-0.29688959999992903]]},"properties":{"OBJECTID":89,"FID":22119,"osm_id":"999275743","code":8102,"fclass":"stream","width":0,"name":"","SHAPE_Length":8.7190107712235382e-05}},{"type":"Feature","id":90,"geometry":{"type":"LineString","coordinates":[[35.812844900000073,-0.38870669999994334],[35.812851700000067,-0.38864749999993364],[35.812890500000037,-0.38860419999997475],[35.812867700000027,-0.38857229999996434],[35.812817600000074,-0.38856999999995878],[35.812781100000052,-0.38853809999994837],[35.812731000000042,-0.38846289999997907],[35.812767400000041,-0.38841739999998026],[35.812774300000058,-0.38837869999997565],[35.812737800000036,-0.38833989999994856],[35.812694500000077,-0.38829439999994975],[35.812653500000067,-0.38831489999995483],[35.812633000000062,-0.3883694999999534],[35.812569300000064,-0.38839919999998074],[35.812471300000027,-0.38838089999995873],[35.812432600000079,-0.38830579999995507],[35.812421200000074,-0.38815769999996519],[35.812434900000028,-0.38803919999998016],[35.812487200000078,-0.38787979999995059],[35.812480400000027,-0.38776359999997112],[35.812507800000049,-0.38766339999995125],[35.812569300000064,-0.38763599999992948],[35.812603400000057,-0.38759499999997615],[35.812633000000062,-0.38757449999997107],[35.812685400000078,-0.38751989999997249]]},"properties":{"OBJECTID":90,"FID":22107,"osm_id":"999275718","code":8102,"fclass":"stream","width":0,"name":"Marashoni","SHAPE_Length":0.0018064143171521404}},{"type":"Feature","id":91,"geometry":{"type":"LineString","coordinates":[[35.808552000000077,-0.41120989999996027],[35.808613500000035,-0.41125089999997044],[35.808660200000077,-0.41125779999993028],[35.808743400000026,-0.41125549999992472],[35.80878320000005,-0.41130099999998038],[35.808844700000066,-0.41135339999993903],[35.808951800000045,-0.41135339999993903],[35.809024700000066,-0.41125429999993912],[35.809057700000039,-0.4111768999999299],[35.809135900000058,-0.41109789999995883]]},"properties":{"OBJECTID":91,"FID":22094,"osm_id":"999275705","code":8102,"fclass":"stream","width":0,"name":"","SHAPE_Length":0.00077102461911726422}},{"type":"Feature","id":92,"geometry":{"type":"LineString","coordinates":[[35.716621100000054,-0.35743889999997691],[35.716533300000037,-0.35746169999993072],[35.716489700000068,-0.35747779999996965],[35.716430700000046,-0.35750599999994392],[35.716384400000038,-0.35754279999997607],[35.716335500000071,-0.35756629999997358],[35.716271100000029,-0.35758239999995567],[35.716191300000048,-0.35758709999993243],[35.716118900000026,-0.35758509999993748],[35.716091400000039,-0.35758979999997109],[35.716059200000075,-0.3576132999999686],[35.716021000000069,-0.35762799999997696],[35.71595190000005,-0.35763069999995878],[35.715854000000036,-0.35763339999994059],[35.715792300000032,-0.35763469999994868],[35.715721900000062,-0.35764009999996915],[35.715648200000032,-0.35764539999996714],[35.715611300000035,-0.35765209999993886],[35.715571700000055,-0.35766089999992801],[35.715520800000036,-0.35768029999996998],[35.715480500000069,-0.35768299999995179],[35.715446300000053,-0.35768429999995988],[35.715414100000032,-0.35769369999997025],[35.715379300000052,-0.35770779999995739],[35.715359800000044,-0.35770379999996749],[35.715343100000041,-0.35768099999995684],[35.715305500000056,-0.35767289999995455],[35.715233100000034,-0.35767429999992828],[35.715147300000069,-0.35769369999997025],[35.715073500000074,-0.3576956999999652],[35.714991000000055,-0.35768899999993664],[35.714901200000043,-0.35768029999996998],[35.714854900000034,-0.35767829999997502],[35.714793200000031,-0.35768369999993865],[35.714725500000043,-0.35768159999997806],[35.714644300000032,-0.35766819999997779],[35.71456390000003,-0.35765479999997751],[35.714503500000035,-0.35764009999996915],[35.714451200000042,-0.3576125999999249],[35.714405600000077,-0.35760249999992766],[35.714342600000066,-0.35759249999995291],[35.714301700000078,-0.35759049999995796],[35.714248700000041,-0.35760319999997137],[35.714209200000028,-0.35761789999997973],[35.714154200000053,-0.3576125999999249],[35.714054900000065,-0.35759179999996604],[35.713983800000051,-0.35758239999995567],[35.713901400000054,-0.35757439999997587],[35.713857100000041,-0.35758239999995567],[35.71380350000004,-0.35758169999996881],[35.713743800000032,-0.35757369999993216],[35.713694800000042,-0.35758509999993748],[35.713645900000074,-0.35760189999996328],[35.713619100000074,-0.3576064999999744],[35.713582200000076,-0.35759579999995594],[35.713546600000029,-0.35758309999994253],[35.713522500000067,-0.35758709999993243],[35.713486300000056,-0.35761589999992793],[35.713464800000054,-0.35763069999995878],[35.713439400000027,-0.35762929999992821],[35.713395100000071,-0.35760589999995318],[35.71335890000006,-0.35759579999995594],[35.71331930000008,-0.35759979999994584],[35.713255000000061,-0.35760449999997945],[35.713179900000057,-0.35761859999996659],[35.713095400000043,-0.35764479999994592],[35.713041700000076,-0.35766889999996465],[35.712988700000039,-0.35769099999993159],[35.712963300000069,-0.35771849999997585],[35.712934400000051,-0.3577432999999246],[35.71290220000003,-0.35777749999994057],[35.71287680000006,-0.35780969999996159],[35.712849900000037,-0.35782719999997425],[35.712816400000065,-0.35782719999997425],[35.712770800000044,-0.35782179999995378],[35.712731972000029,-0.35783357099995783]]},"properties":{"OBJECTID":92,"FID":25425,"osm_id":"1050149805","code":8102,"fclass":"stream","width":0,"name":"","SHAPE_Length":0.0040843879888248094}},{"type":"Feature","id":93,"geometry":{"type":"LineString","coordinates":[[35.755449500000054,-0.36008469999995896],[35.75545070000004,-0.36007339999997612],[35.755520100000069,-0.35998789999996461],[35.755585100000076,-0.35990139999995563],[35.755647700000054,-0.35986609999997654],[35.755718300000069,-0.35977719999993951],[35.75574110000008,-0.35970429999997577],[35.75583910000006,-0.35964279999996052],[35.755954100000054,-0.35958249999993086],[35.756050900000048,-0.35960409999995591],[35.756113600000049,-0.35954599999996617],[35.75611930000008,-0.35945149999997739],[35.756139800000028,-0.3593785999999568],[35.756159100000048,-0.3592862999999511],[35.756164800000079,-0.35919179999996231],[35.756189900000038,-0.35909269999996241],[35.756240000000048,-0.35899929999993674],[35.756303800000069,-0.35894009999992704],[35.756405100000052,-0.35883529999995289],[35.756494000000032,-0.35878399999995736],[35.756548700000053,-0.35873389999994743],[35.756570300000078,-0.35866899999996349],[35.756590800000026,-0.35860519999994267],[35.756655700000067,-0.3585561999999527],[35.756684200000052,-0.358482199999969],[35.756685300000072,-0.35838539999997465],[35.756669400000078,-0.35831589999997959],[35.756699000000026,-0.35826579999996966],[35.756721800000037,-0.35821339999995416],[35.756819700000051,-0.35809949999998025]]},"properties":{"OBJECTID":93,"FID":22136,"osm_id":"999275762","code":8102,"fclass":"stream","width":0,"name":"","SHAPE_Length":0.002628520448082225}},{"type":"Feature","id":94,"geometry":{"type":"LineString","coordinates":[[35.807614600000079,-0.41034769999993159],[35.807901600000037,-0.4104319999999575],[35.808049700000026,-0.41050029999996696],[35.808188700000073,-0.4105298999999718],[35.808298000000036,-0.41056639999993649],[35.808396100000039,-0.4106302999999798]]},"properties":{"OBJECTID":94,"FID":22095,"osm_id":"999275706","code":8102,"fclass":"stream","width":0,"name":"","SHAPE_Length":0.00083664126193172799}},{"type":"Feature","id":95,"geometry":{"type":"LineString","coordinates":[[35.742368200000044,-0.25898479999995061],[35.742420000000038,-0.25899589999994532]]},"properties":{"OBJECTID":95,"FID":16149,"osm_id":"834014958","code":8101,"fclass":"river","width":0,"name":"","SHAPE_Length":5.2975937927414853e-05}},{"type":"Feature","id":96,"geometry":{"type":"MultiLineString","coordinates":[[[35.811746200000073,-0.21531439999995428],[35.811745174000066,-0.21531104799993273]],[[35.81170974500003,-0.2151953419999586],[35.811669100000074,-0.21506259999995336],[35.81170510000004,-0.21490329999994628],[35.811756038000055,-0.2148846609999282]],[[35.820755417000044,-0.2094711349999443],[35.82065330000006,-0.20926919999993743],[35.820646000000067,-0.20896399999998039],[35.82076851100004,-0.20876764999997022]]]},"properties":{"OBJECTID":96,"FID":1498,"osm_id":"244394775","code":8101,"fclass":"river","width":0,"name":"Molo","SHAPE_Length":0.0011228981013880269}},{"type":"Feature","id":97,"geometry":{"type":"LineString","coordinates":[[35.71022540000007,-0.29291469999992614],[35.710367600000041,-0.2924291999999582],[35.710705500000074,-0.29130809999998064],[35.710957600000029,-0.29044439999995575],[35.71118290000004,-0.28988119999996798],[35.71250260000005,-0.28884049999993522],[35.71293170000007,-0.2885239999999385],[35.713570100000027,-0.28790709999992714],[35.71475300000003,-0.28698709999997618],[35.71650980000004,-0.28556819999994332],[35.71946470000006,-0.28333989999993037],[35.72022190000007,-0.28277199999996583],[35.721249300000068,-0.28197409999995671],[35.720543900000052,-0.28091739999996435],[35.72102650000005,-0.28068959999995968],[35.723913400000072,-0.27983779999993885],[35.725276700000052,-0.27844719999995959],[35.725995700000055,-0.27751879999993889],[35.726989600000024,-0.27638299999995297],[35.728504000000044,-0.27519989999996142],[35.728733900000066,-0.27426959999996825],[35.730340200000057,-0.27252939999993941],[35.731525500000032,-0.27032989999997881],[35.731776900000057,-0.26862759999994523],[35.731701800000053,-0.26725429999993366],[35.731543600000066,-0.26676349999996773],[35.731481900000063,-0.26654089999993857],[35.731481900000063,-0.26624049999992394],[35.731498000000045,-0.26610099999993508],[35.731479200000024,-0.26594539999996414],[35.731558800000073,-0.26575639999992973],[35.731696500000055,-0.2657013999999549],[35.731707200000073,-0.26551629999994475],[35.731924500000048,-0.26516759999992701],[35.731897600000025,-0.26495029999995268],[35.731916400000046,-0.26477329999994481],[35.732101500000056,-0.26460969999993722],[35.732270500000027,-0.26448899999996911],[35.73240190000007,-0.26425829999993766],[35.732536000000039,-0.26409199999994826],[35.732530700000041,-0.26393379999996114],[35.732536000000039,-0.26377549999995153],[35.732688900000028,-0.26316669999994247],[35.732852500000035,-0.26305399999995416],[35.733147600000052,-0.2627669999999398],[35.733352100000047,-0.26249009999997952],[35.733673300000078,-0.26192479999997431],[35.733987100000036,-0.26153589999995575],[35.734091700000079,-0.26119529999994029],[35.734384100000057,-0.26091899999994439],[35.734727400000054,-0.26037189999993871],[35.734754200000054,-0.26011709999994537],[35.73483200000004,-0.25996679999997241],[35.73509480000007,-0.25979789999996683],[35.735226300000079,-0.25967179999997825],[35.735263800000041,-0.25961279999995668],[35.735274600000025,-0.25946799999996983],[35.735338900000045,-0.25939549999992551],[35.735419400000069,-0.2592291999999361],[35.73564470000008,-0.25895299999996269],[35.735725200000047,-0.25891009999998005],[35.735789500000067,-0.25880009999997355],[35.735896800000035,-0.25869819999996935],[35.736529800000028,-0.25806249999993724],[35.736618300000032,-0.25796059999993304],[35.736664500000074,-0.2578776999999377],[35.736881200000028,-0.25744829999996455],[35.736910300000034,-0.25742259999992712],[35.736926800000049,-0.25740799999994124],[35.736975100000052,-0.2573650999999586],[35.737009900000032,-0.25722299999995357],[35.737085000000036,-0.25716669999997066],[35.737138200000061,-0.25713549999994711],[35.737286200000028,-0.25704859999996188]]},"properties":{"OBJECTID":97,"FID":1663,"osm_id":"250545830","code":8102,"fclass":"stream","width":0,"name":"","SHAPE_Length":0.048702456346245225}},{"type":"Feature","id":98,"geometry":{"type":"LineString","coordinates":[[35.780253500000072,-0.29688959999992903],[35.780360600000051,-0.29679159999994909]]},"properties":{"OBJECTID":98,"FID":22118,"osm_id":"999275742","code":8102,"fclass":"stream","width":0,"name":"","SHAPE_Length":0.00014517027929890981}},{"type":"Feature","id":99,"geometry":{"type":"MultiLineString","coordinates":[[[35.711515162000069,-0.24694734199994173],[35.711520500000063,-0.24690329999992855],[35.711626700000068,-0.24674539999995204],[35.71168872800007,-0.24675750899996274]],[[35.718947835000051,-0.2464704949999259],[35.719040200000052,-0.24653519999992568],[35.719153200000051,-0.2465425999999411],[35.719404900000029,-0.24645559999993338]]]},"properties":{"OBJECTID":99,"FID":879,"osm_id":"206840166","code":8102,"fclass":"stream","width":0,"name":"","SHAPE_Length":0.00079018262168040546}},{"type":"Feature","id":100,"geometry":{"type":"LineString","coordinates":[[35.811746200000073,-0.21531439999995428],[35.811693800000057,-0.21536799999995537],[35.811685900000043,-0.21569059999995943],[35.811592800000028,-0.21605679999993299],[35.811361200000078,-0.21625479999994468],[35.811155400000075,-0.21624689999993052],[35.810704000000044,-0.21594989999994141],[35.81038060000003,-0.21601039999995919],[35.809629800000039,-0.21653919999994287],[35.808528300000035,-0.21706549999993285],[35.807791100000031,-0.21755579999995689],[35.807068000000072,-0.21771799999993391],[35.806831700000032,-0.2178731999999286],[35.80682470000005,-0.21819069999997964],[35.806687100000033,-0.21849749999995538],[35.806306100000029,-0.21855749999997443],[35.805544200000043,-0.2183669999999438],[35.805353800000034,-0.21842699999996285],[35.805258500000036,-0.21888199999995095],[35.805089200000054,-0.21911479999994299],[35.803900500000054,-0.21956279999994877],[35.803667700000062,-0.21977439999994886],[35.803413800000044,-0.21984139999995023],[35.803145700000073,-0.21966509999992923],[35.802645700000028,-0.21981619999996838],[35.802106200000026,-0.21963739999995369],[35.801941500000055,-0.21954869999996163],[35.801713500000062,-0.21945049999993671],[35.80175470000006,-0.21922879999993938],[35.801776800000027,-0.21900709999994206],[35.80178630000006,-0.21881379999996398],[35.801609000000042,-0.2187092999999436],[35.801453700000025,-0.21860159999994266],[35.801304900000048,-0.21841159999996762],[35.801152800000068,-0.21834189999992759],[35.800861400000031,-0.21826899999996385],[35.800690400000065,-0.21829439999993383],[35.800383100000033,-0.2183893999999782],[35.800193100000058,-0.21845909999996138],[35.800101200000029,-0.21864279999994096],[35.800307100000055,-0.21895639999996774],[35.80027860000007,-0.21920339999996941],[35.800104400000066,-0.21940299999994295],[35.799914300000069,-0.21949799999993047],[35.799569100000042,-0.21953289999993331],[35.799274500000024,-0.21950429999992593],[35.798941900000045,-0.2193997999999624],[35.798691700000063,-0.21929529999994202],[35.798470000000066,-0.21914959999998018],[35.798203900000033,-0.21899119999994809],[35.797884000000067,-0.21895949999992581],[35.797671800000046,-0.21899119999994809],[35.797583100000054,-0.21909569999996847],[35.797616000000062,-0.21929129999995212],[35.797416400000031,-0.21963019999992639],[35.797093300000029,-0.21988989999994146],[35.796719600000074,-0.22013699999996561],[35.79621910000003,-0.22026999999997088],[35.796092400000077,-0.22035239999996747],[35.795845300000053,-0.22060579999993024],[35.795566600000029,-0.22097319999994625],[35.795458900000028,-0.22121389999995245],[35.795300500000053,-0.22142929999995431],[35.795034500000042,-0.22144199999996772],[35.794787400000075,-0.22155599999996411],[35.79437560000008,-0.22145469999992429],[35.79414120000007,-0.22139129999993656],[35.79388780000005,-0.22145469999992429],[35.793685100000062,-0.22166369999996505],[35.793463400000064,-0.22194249999995463],[35.793279700000028,-0.22226549999993495],[35.793108600000039,-0.22256329999993341],[35.792962900000077,-0.22273429999995642],[35.792601800000057,-0.22271529999994755],[35.792367400000046,-0.222917999999936],[35.792342100000042,-0.22308909999992466],[35.792215400000032,-0.22341849999997976],[35.792101400000035,-0.22382389999995667],[35.792240700000036,-0.22411529999993718],[35.792152100000067,-0.22430539999993471],[35.791936700000065,-0.22471709999996392],[35.792063400000075,-0.22502759999997579],[35.791898700000047,-0.22533159999994723],[35.791824700000063,-0.22570619999993369],[35.791534100000035,-0.22584319999992886],[35.791186300000049,-0.226229099999955],[35.790597800000057,-0.22619739999993271],[35.790268800000035,-0.22631549999994149],[35.789973600000053,-0.22661919999995916],[35.789821800000027,-0.22684689999994134],[35.78976270000004,-0.22726859999994531],[35.789684600000044,-0.22754799999995612],[35.789346200000068,-0.22756679999997687],[35.789104700000053,-0.22778619999996863],[35.788733500000035,-0.22797499999995807],[35.788556600000049,-0.22821329999993623],[35.788446800000031,-0.22851049999997031],[35.788342500000056,-0.22877629999993587],[35.788139000000058,-0.22907999999995354],[35.788050500000054,-0.22934359999993603],[35.787991400000067,-0.22980749999993577],[35.788160100000027,-0.23024609999993118],[35.788160100000027,-0.23048229999994874],[35.787957700000049,-0.2308280999999397],[35.787713100000076,-0.23117389999993065],[35.78742630000005,-0.23157039999995277],[35.787190100000032,-0.23200899999994817],[35.787164800000028,-0.23239699999993491],[35.786945500000058,-0.23261629999996103],[35.786996100000067,-0.23299589999993486],[35.786844300000041,-0.23333319999994728],[35.786464700000067,-0.23354409999996051],[35.786287600000037,-0.2339067999999429],[35.785992400000055,-0.23412609999996903],[35.785595900000033,-0.23439599999994698],[35.785418800000059,-0.23467439999996031],[35.785309100000063,-0.23501179999993838],[35.785275400000046,-0.235332299999925],[35.785267200000078,-0.23567179999997734],[35.785131400000068,-0.2359279999999444],[35.784963300000072,-0.2360491999999681],[35.784849500000064,-0.23636459999994486],[35.784895800000072,-0.23679149999992433],[35.784887400000059,-0.23707829999995056],[35.784577500000069,-0.23723909999995385]]},"properties":{"OBJECTID":100,"FID":22228,"osm_id":"999759242","code":8101,"fclass":"river","width":0,"name":"Molo","SHAPE_Length":0.044321497545615936}},{"type":"Feature","id":101,"geometry":{"type":"LineString","coordinates":[[35.761882300000025,-0.34168219999997973],[35.761818500000061,-0.34179379999994808],[35.761758300000054,-0.34183949999993501],[35.761809400000061,-0.34197719999997389],[35.761869800000056,-0.3420694999999796],[35.761906200000055,-0.34215599999993174],[35.761891400000025,-0.34230069999995294],[35.761851600000057,-0.342370199999948],[35.761811700000067,-0.34239179999997305],[35.761677300000031,-0.34238149999993084],[35.761630600000046,-0.34240429999994149],[35.761590700000056,-0.34245899999996254],[35.761517800000036,-0.34252959999997756],[35.761478000000068,-0.34259679999996706],[35.761468900000068,-0.34266739999992524],[35.761438100000078,-0.34275859999996783],[35.761442700000032,-0.34284739999992553],[35.761408500000073,-0.34291119999994635],[35.761391400000036,-0.34292029999994611],[35.761301400000036,-0.34293849999994563],[35.761259300000063,-0.34299769999995533],[35.761216000000047,-0.34307749999993575],[35.761202300000036,-0.34316179999996166],[35.761192100000073,-0.34323119999993423],[35.761136300000032,-0.34327679999995553],[35.761094100000037,-0.34330409999995481],[35.761094100000037,-0.34335769999995591],[35.761154500000032,-0.34343169999993961],[35.761179600000048,-0.34348869999996623],[35.761184100000037,-0.34355239999996456],[35.761185300000079,-0.3436640999999554],[35.761219400000073,-0.34375629999993862],[35.761251300000026,-0.34387249999997493],[35.761302600000079,-0.34399889999997413],[35.761400500000036,-0.34408889999997427],[35.761425600000052,-0.34415149999995265],[35.761414200000047,-0.34425859999993236],[35.761410800000078,-0.34433609999996406],[35.761361800000032,-0.34438389999996843],[35.761329900000078,-0.34443739999994705],[35.761278600000026,-0.34450349999997343],[35.761251300000026,-0.34457749999995713],[35.761293500000079,-0.3446936999999366],[35.761300300000073,-0.34480989999997291],[35.761301400000036,-0.34486229999993157],[35.761258100000077,-0.344979599999931],[35.761266100000057,-0.34504109999994625],[35.761292300000036,-0.34512879999994084],[35.761355000000037,-0.3452825999999618],[35.761375500000042,-0.34537259999996195],[35.761403900000062,-0.34550239999992982],[35.761460900000031,-0.3455820999999446],[35.761505300000067,-0.34563109999993458],[35.761530400000026,-0.34568119999994451],[35.761528100000078,-0.34573129999995444],[35.761471100000051,-0.34582249999994019],[35.761433600000032,-0.34589759999994385],[35.761406200000067,-0.34597279999996999],[35.761374300000057,-0.34602519999992865],[35.761269500000026,-0.34609699999992927],[35.761233100000027,-0.34618239999997513],[35.761195500000042,-0.34631109999997989],[35.761157900000057,-0.34638289999998051],[35.761104400000079,-0.34643519999997352],[35.761110100000053,-0.3464989999999375],[35.761128300000053,-0.34659239999996316],[35.761121500000058,-0.34666649999996935],[35.761176100000057,-0.34673369999995884],[35.761278600000026,-0.34679059999996298],[35.761336700000072,-0.34685549999994691],[35.761361800000032,-0.34696029999997791],[35.761383400000057,-0.34706509999995205],[35.761391400000036,-0.34718019999996841],[35.761417600000073,-0.34729059999995116],[35.761447200000077,-0.34736809999992602],[35.761432400000047,-0.34748539999992545],[35.761455200000057,-0.34759019999995644],[35.761479100000031,-0.34763799999996081],[35.761521300000027,-0.34767899999997098],[35.761545200000057,-0.34773029999996652],[35.761583700000074,-0.34774959999992916],[35.761608100000046,-0.34778109999996332],[35.761633900000049,-0.34781139999995503],[35.761680600000034,-0.34786229999997431],[35.761603300000047,-0.34811529999996083],[35.761555400000077,-0.34819269999997005],[35.761389100000031,-0.34827929999994467],[35.761282100000074,-0.34837039999996477],[35.761268400000063,-0.34847289999993336],[35.761245600000052,-0.3486072999999692],[35.761252500000069,-0.34871889999993755],[35.761304800000062,-0.34884879999992791],[35.761336700000072,-0.34902649999997948],[35.761357200000077,-0.34912209999993138],[35.761316200000067,-0.34920419999997421],[35.761250200000063,-0.34927249999992682],[35.761165900000037,-0.34936129999994137],[35.761070200000063,-0.34941599999996242],[35.761020100000053,-0.34950939999993125],[35.761024700000064,-0.34958229999995183],[35.761008700000048,-0.34961419999996224],[35.760958600000038,-0.34962099999995644],[35.760940400000038,-0.34964839999997821],[35.760940400000038,-0.3497052999999255],[35.760958600000038,-0.3498487999999611],[35.760979100000043,-0.3499831999999401],[35.760974500000032,-0.35013129999992998],[35.76088800000008,-0.35037729999993417],[35.760840100000053,-0.35047759999997652]]},"properties":{"OBJECTID":101,"FID":22131,"osm_id":"999275757","code":8102,"fclass":"stream","width":0,"name":"Chawachi","SHAPE_Length":0.01030376108351334}},{"type":"Feature","id":102,"geometry":{"type":"LineString","coordinates":[[35.758295900000064,-0.35280309999996007],[35.758275400000059,-0.35294889999994439],[35.758270800000048,-0.3530718999999749],[35.758248000000037,-0.35317899999995461],[35.758355100000074,-0.3534773999999743],[35.758398400000033,-0.35357539999995424],[35.758391600000039,-0.35365739999997459],[35.75833010000008,-0.35379399999993666],[35.758264000000054,-0.35390569999992749],[35.75817950000004,-0.3540075999999317],[35.758120500000075,-0.35407879999996794],[35.758054400000049,-0.354163099999937],[35.757956500000034,-0.3542997999999784],[35.75790180000007,-0.3544409999999516],[35.757785600000034,-0.35459359999993012],[35.757642100000055,-0.35477589999993597],[35.757548700000029,-0.35483279999994011],[35.757471200000055,-0.3549443999999653],[35.757352800000035,-0.35507429999995566],[35.75718420000004,-0.35515399999997044],[35.757072600000072,-0.35521779999993441],[35.75703610000005,-0.3553157999999712],[35.757063500000072,-0.35544559999993908],[35.757168300000046,-0.35560049999998],[35.757259400000066,-0.35569159999994326],[35.757277600000066,-0.35577819999997473],[35.757282200000077,-0.35591489999995929],[35.757291300000077,-0.35603789999993296],[35.75724340000005,-0.35618819999996276],[35.757232100000067,-0.35631579999994756],[35.757156900000041,-0.35644789999997784],[35.757154600000035,-0.35665749999992613],[35.757099900000071,-0.35675539999994044],[35.757054400000072,-0.35690349999993032],[35.757011100000057,-0.35701509999995551],[35.756970100000046,-0.35712899999992942],[35.756972400000052,-0.35723609999996597],[35.756917700000031,-0.35734549999995124],[35.756885800000077,-0.35749119999996992],[35.756801500000051,-0.35760059999995519]]},"properties":{"OBJECTID":102,"FID":22133,"osm_id":"999275759","code":8102,"fclass":"stream","width":0,"name":"","SHAPE_Length":0.0055509627652849305}},{"type":"Feature","id":103,"geometry":{"type":"LineString","coordinates":[[35.847733000000062,-0.28983779999992976],[35.848459400000024,-0.28498789999997598],[35.849813200000028,-0.27580659999995305],[35.850399500000037,-0.27379569999993691],[35.850173300000051,-0.27254169999997657],[35.850481700000046,-0.27182219999997415],[35.850358400000061,-0.27038309999994681],[35.85153020000007,-0.27021869999992987],[35.851160100000072,-0.26943749999992406],[35.851225300000067,-0.2689888999999539],[35.850769500000069,-0.26859459999997171],[35.850872300000049,-0.26742279999996299],[35.851735800000029,-0.26600429999996322],[35.85312220000003,-0.26591879999995172],[35.853960200000074,-0.2651267999999618],[35.853509600000052,-0.26469069999996009],[35.854192800000078,-0.26461799999992763],[35.854556200000047,-0.264283599999942],[35.855534615000067,-0.26263332599995692]]},"properties":{"OBJECTID":103,"FID":1511,"osm_id":"244397433","code":8101,"fclass":"river","width":0,"name":"","SHAPE_Length":0.031989850248516145}},{"type":"Feature","id":104,"geometry":{"type":"LineString","coordinates":[[35.842258700000059,-0.49717289999995273],[35.841716016000078,-0.49805976399994734]]},"properties":{"OBJECTID":104,"FID":25434,"osm_id":"1050449564","code":8102,"fclass":"stream","width":0,"name":"","SHAPE_Length":0.0010397276943133714}},{"type":"Feature","id":105,"geometry":{"type":"LineString","coordinates":[[35.764083400000061,-0.28355039999996734],[35.764190700000029,-0.28350029999995741],[35.764312300000029,-0.2835646999999426],[35.764627000000075,-0.28350029999995741],[35.76487730000008,-0.28333579999997482],[35.765206300000045,-0.28317839999994021],[35.765785700000038,-0.28281369999996286],[35.766100400000028,-0.28252759999998034],[35.766408000000069,-0.28232729999996309],[35.766808500000025,-0.28214129999997795],[35.767066000000057,-0.28192679999995107],[35.767237600000044,-0.28174079999996593],[35.767509400000051,-0.28149039999993875],[35.767874200000051,-0.28138319999993655],[35.768088800000044,-0.28124009999993405],[35.768217900000025,-0.28088919999993323]]},"properties":{"OBJECTID":105,"FID":20188,"osm_id":"931296773","code":8102,"fclass":"stream","width":0,"name":"Lang's Stream","SHAPE_Length":0.0051298775044515132}},{"type":"Feature","id":106,"geometry":{"type":"LineString","coordinates":[[35.783633500000064,-0.22725719999993998],[35.78389320000008,-0.22729519999995773],[35.784476100000063,-0.22746619999998074],[35.784862500000031,-0.22766259999997374],[35.785337600000048,-0.22799199999997199],[35.785711400000025,-0.22799199999997199],[35.786173800000029,-0.22787169999998014],[35.78679470000003,-0.22752329999997301],[35.787168400000041,-0.22721279999996113],[35.787333100000069,-0.22668069999997442],[35.787554800000066,-0.22644629999996368],[35.787903300000039,-0.22615489999992633],[35.788410100000078,-0.22594589999994241],[35.788669800000037,-0.22554679999996097],[35.789018200000044,-0.22491959999996425],[35.789468000000056,-0.22456489999996165],[35.789936800000078,-0.22447619999996959],[35.790430900000047,-0.22438109999995959],[35.79104540000003,-0.2241086999999311],[35.791438200000073,-0.22390599999994265],[35.791723200000035,-0.22373499999997648],[35.791964000000064,-0.22337389999995594],[35.792097000000069,-0.22307619999997996],[35.792367400000046,-0.222917999999936]]},"properties":{"OBJECTID":106,"FID":2894,"osm_id":"384718904","code":8102,"fclass":"stream","width":0,"name":"","SHAPE_Length":0.011079699770383705}},{"type":"Feature","id":107,"geometry":{"type":"MultiLineString","coordinates":[[[35.811411100000043,-0.32277229999994006],[35.811791400000061,-0.322664399999951],[35.811889000000065,-0.32267469999993637],[35.811930200000063,-0.3225512999999296],[35.81209460000008,-0.32250509999994392],[35.812187100000074,-0.32235599999995657],[35.812331000000029,-0.32237659999992729],[35.81263430000007,-0.32220699999993485],[35.81277300000005,-0.32211449999994102],[35.813189300000033,-0.3219550999999683],[35.813358900000026,-0.32183689999993703],[35.813713600000028,-0.32165189999994936],[35.814248100000043,-0.32147719999994706],[35.814469100000053,-0.32130759999995462],[35.814900800000032,-0.32140519999995831],[35.815132100000028,-0.32122019999997065],[35.815425000000062,-0.32080389999993031],[35.815507300000036,-0.32007919999995238],[35.815928700000029,-0.31938029999997752],[35.815861900000073,-0.31899999999995998],[35.815687100000048,-0.31848089999994045],[35.815291400000035,-0.31775109999995266],[35.815337700000043,-0.31704699999994546],[35.81528110000005,-0.31677969999992683],[35.815240000000074,-0.31595739999994521],[35.815327400000058,-0.31534069999997882],[35.815399300000024,-0.31452869999992572],[35.815486700000065,-0.31388619999995626],[35.815425000000062,-0.3133516999999415],[35.815466100000037,-0.31250369999997929],[35.81527600000004,-0.31227759999995897],[35.815209200000027,-0.31192299999997886],[35.815106400000047,-0.31140389999995932],[35.815096100000062,-0.31091559999993024],[35.814983000000041,-0.31027319999992642],[35.814859700000056,-0.30931729999997515],[35.814340600000037,-0.30915789999994558],[35.813914000000068,-0.30852069999997411],[35.813565100000062,-0.30778159999994159],[35.813512500000058,-0.30762699999996812],[35.813650600000074,-0.30687839999995958],[35.813512500000058,-0.30603529999996226],[35.813076700000067,-0.30558589999992591],[35.813305400000047,-0.30547539999997753],[35.813336200000037,-0.30538799999993671],[35.813310500000057,-0.30531349999995427],[35.813439000000074,-0.30504429999996319],[35.813480100000049,-0.30479699999995091],[35.81350580000003,-0.30456309999993891],[35.813541800000053,-0.30426499999992984],[35.813288000000057,-0.30410299999994095],[35.813564500000041,-0.30386139999995976],[35.813997000000029,-0.30384139999995341],[35.814287700000079,-0.30360159999997904],[35.814585700000066,-0.30323089999996],[35.81476020000008,-0.3031472999999778],[35.815283500000078,-0.30284199999994144],[35.815825000000075,-0.30251859999992803],[35.816064800000049,-0.30189349999994874],[35.816282900000033,-0.30141739999993433],[35.816322900000046,-0.30087959999997338],[35.816224700000078,-0.30046889999994164],[35.816119400000048,-0.30025089999998045],[35.816057600000079,-0.29958579999993162],[35.815799500000026,-0.2991069999999354],[35.815661400000067,-0.29815489999992906],[35.81561060000007,-0.29751529999992954],[35.814898300000038,-0.29578539999994291],[35.814876500000025,-0.29519669999996268],[35.814709300000061,-0.29470239999994874],[35.81501460000004,-0.29374299999994946],[35.814861900000039,-0.29266729999994823],[35.814847400000076,-0.29101739999993015],[35.814549400000033,-0.29042139999995698],[35.81338640000007,-0.28919309999997722],[35.812877700000058,-0.28825549999993427],[35.812935800000048,-0.28655469999995375],[35.81299400000006,-0.28621309999994082],[35.812986700000067,-0.28470129999993787],[35.812946700000055,-0.28377459999995835],[35.812881700000048,-0.28300749999993968],[35.812850800000035,-0.28286609999997836],[35.812874000000079,-0.28253459999996267],[35.813012700000058,-0.28248839999997699],[35.813092400000073,-0.28237529999995559],[35.813115500000038,-0.28221599999994851],[35.813096200000075,-0.28188709999994899],[35.813038400000039,-0.28178809999997156],[35.812953600000071,-0.28172769999997627],[35.812831800000026,-0.28136429999995016],[35.812773700000037,-0.28129889999996749],[35.812737300000038,-0.28116439999996601],[35.812115900000038,-0.28004149999992478],[35.811930500000074,-0.27979799999997113],[35.811705200000063,-0.27910379999997303],[35.811476300000038,-0.27885669999994889],[35.811490800000058,-0.27851509999993596],[35.811290900000074,-0.27836249999995744],[35.810992900000031,-0.27738129999994499],[35.810800300000039,-0.27728309999997691],[35.810836600000073,-0.27710869999992838],[35.810956600000054,-0.27676349999995864],[35.810705800000051,-0.27574229999993349],[35.810484100000053,-0.27505539999992834],[35.81030480000004,-0.2742479999999432],[35.809403300000042,-0.2725734999999645],[35.808724900000072,-0.27208009999992555],[35.808437100000049,-0.27115499999996473],[35.80839590000005,-0.26965419999993401],[35.808385700000031,-0.26935619999994742],[35.80813900000004,-0.26904779999995299],[35.808087600000079,-0.2688113999999473],[35.80813900000004,-0.2685954999999467],[35.807830600000045,-0.26818439999993871],[35.807748400000037,-0.26770129999994197],[35.807861400000036,-0.26720789999995986],[35.807450300000028,-0.26661169999994172],[35.807224100000042,-0.26641639999996869],[35.807326900000078,-0.26593329999997195],[35.806299000000024,-0.26552209999994147],[35.805949500000054,-0.26459699999998065],[35.805764500000066,-0.26402139999993324],[35.80549730000007,-0.26377469999994219],[35.805415000000039,-0.26341489999992973],[35.805055300000049,-0.26301409999996395],[35.804890800000067,-0.26287019999995209],[35.804603000000043,-0.26261319999997568],[35.804726300000027,-0.26208899999994628],[35.804325400000039,-0.26158529999997882],[35.803760100000034,-0.26077329999992571],[35.803883400000075,-0.26040319999992789],[35.804140400000051,-0.26016679999997905],[35.804047900000057,-0.25968369999992547],[35.803914300000031,-0.2592827999999372],[35.804325400000039,-0.25891279999996186],[35.804510500000049,-0.2583782999999471],[35.804993600000046,-0.25710369999995919],[35.805055300000049,-0.25619909999994661],[35.805343100000073,-0.25543849999996837],[35.805959800000039,-0.25354719999995723],[35.806299000000024,-0.2524370999999519],[35.80637100000007,-0.25193339999992759],[35.806340100000057,-0.25141939999997476],[35.80620650000003,-0.25059709999993629],[35.805918700000063,-0.24990839999992431],[35.805805600000042,-0.24936369999994668],[35.80617570000004,-0.24878799999993362],[35.80617570000004,-0.24843849999996337],[35.806309300000066,-0.24750319999992598],[35.805877600000031,-0.24648559999997133],[35.805589800000064,-0.24550909999993564],[35.805620600000054,-0.24429609999992863],[35.805607972000075,-0.24423650399995722]],[[35.80549318900006,-0.24188880899993137],[35.805508400000065,-0.24174861699992789]],[[35.805725094000024,-0.23975139599997419],[35.805750200000034,-0.23951999999997042],[35.805885432000025,-0.23929086199996163]],[[35.80653665400007,-0.23818742799994652],[35.80713224200008,-0.23717826099993999]],[[35.811597022000058,-0.23013922199993431],[35.812774306000051,-0.22721961799993551]],[[35.81294123400005,-0.22679050899995445],[35.813563694000038,-0.22500482799995325]],[[35.815116712000076,-0.22018422399997917],[35.814586200000065,-0.21977349999997386],[35.813990100000069,-0.21893059999996467],[35.813550200000066,-0.21881439999992836],[35.813385700000026,-0.21852659999996149],[35.813246900000024,-0.21833129999993162],[35.813144200000067,-0.21821819999996706],[35.813185300000043,-0.21802289999993718],[35.81312870000005,-0.21782249999995429],[35.812984800000038,-0.21778139999997848],[35.812846100000058,-0.21767859999994243],[35.812676500000066,-0.21742159999996602],[35.812748400000032,-0.21728279999996403],[35.812635300000068,-0.21707209999993893],[35.812486300000046,-0.21708239999992429],[35.812327000000039,-0.21680999999995265],[35.812234500000045,-0.2165632999999616],[35.812075100000072,-0.21633199999996577],[35.812023700000054,-0.2160390999999322],[35.811936400000036,-0.2157563999999752],[35.81186960000008,-0.21562789999995857],[35.811746200000073,-0.21531439999995428]]]},"properties":{"OBJECTID":107,"FID":22227,"osm_id":"999759241","code":8101,"fclass":"river","width":0,"name":"Eburgon","SHAPE_Length":0.10334214738725291}},{"type":"Feature","id":108,"geometry":{"type":"LineString","coordinates":[[35.735640700000033,-0.36868079999993597],[35.735579200000075,-0.36873879999996007],[35.735547300000064,-0.36875939999993079],[35.735510900000065,-0.36880599999994956],[35.735485800000049,-0.3688652999999249],[35.735442600000056,-0.36894049999995104],[35.735444800000039,-0.36899739999995518],[35.735428900000045,-0.36903949999992847],[35.735386700000049,-0.36907369999994444],[35.735371900000075,-0.3691602999999759],[35.735345700000039,-0.3692035999999348],[35.73529220000006,-0.36922859999992852],[35.735270600000035,-0.36927869999993845],[35.73526940000005,-0.3694358999999281],[35.735206800000071,-0.36958849999996346],[35.73517030000005,-0.36964999999997872],[35.735095200000046,-0.36983339999994769],[35.735037100000056,-0.36998149999993757],[35.735025700000051,-0.37008859999997412],[35.734992600000055,-0.37019219999996267],[35.734927700000071,-0.37042909999996709],[35.734911800000077,-0.37058059999992565],[35.734938000000056,-0.37069569999994201],[35.734920900000077,-0.37079359999995631],[35.734941400000025,-0.37090069999993602],[35.734950500000025,-0.37097579999993968],[35.73492200000004,-0.37105669999994007],[35.734947100000056,-0.37112959999996065],[35.735020000000077,-0.37123209999992923],[35.735029100000077,-0.37132319999994934],[35.735057600000061,-0.37140299999992976],[35.735074700000041,-0.37150779999996075],[35.735105400000066,-0.37156929999997601],[35.735162400000036,-0.37163989999993419],[35.73520110000004,-0.37172079999993457],[35.735288800000035,-0.37183579999992844],[35.73531840000004,-0.37195199999996476],[35.73531840000004,-0.37201579999992873],[35.73534920000003,-0.37207499999993843],[35.735344600000076,-0.37213759999997365],[35.735379900000055,-0.37219229999993786],[35.73545050000007,-0.3722662999999784],[35.735487000000035,-0.37234039999992774],[35.73555760000005,-0.37246219999997265],[35.735644200000024,-0.37252939999996215],[35.735712500000034,-0.37257609999994656],[35.735872000000029,-0.37267869999993763],[35.735946000000069,-0.3727776999999719],[35.736020000000053,-0.37289959999992561],[35.736042800000064,-0.37302949999997281],[35.736064400000032,-0.37319009999993114],[35.73607700000008,-0.3732834999999568],[35.736084900000037,-0.37339049999997087],[35.736056500000075,-0.37346229999997149],[35.736066700000038,-0.37353859999996075],[35.736055300000032,-0.37360009999997601],[35.735998400000028,-0.37366389999993999],[35.735966500000075,-0.3737264999999752],[35.735861700000044,-0.37379599999997026],[35.735794500000054,-0.37385519999997996],[35.735768300000075,-0.37391099999996413],[35.73579680000006,-0.37398509999997032],[35.735844600000064,-0.37410699999992403],[35.735949400000038,-0.37422659999992902],[35.736006400000065,-0.37433129999993753],[35.736016900000038,-0.374355899999955],[35.736033700000064,-0.37439509999995835],[35.736037100000033,-0.37449879999996938],[35.736013200000059,-0.37463199999996277],[35.735972200000049,-0.37467299999997294],[35.735920900000053,-0.37470829999995203],[35.735909500000048,-0.37477439999997841],[35.735933500000044,-0.37484959999994771],[35.73591870000007,-0.37491559999995161],[35.735910700000034,-0.37496349999997847],[35.735857100000032,-0.37501469999995152],[35.735824100000059,-0.37508189999994102],[35.735768300000075,-0.37513779999994767],[35.73577060000008,-0.37519239999994625],[35.735756900000069,-0.37523229999993646],[35.735719300000028,-0.37530059999994592],[35.735655500000064,-0.37538609999995742],[35.735582600000043,-0.37543959999993604],[35.735561000000075,-0.37548969999994597],[35.735575800000049,-0.37553069999995614],[35.735613400000034,-0.37554889999995567],[35.735620200000028,-0.37557739999994055],[35.735605400000054,-0.37562869999993609],[35.735554200000024,-0.37562869999993609],[35.735518900000045,-0.37564459999993005],[35.735480100000075,-0.37572549999993043],[35.735395900000071,-0.37573909999997568],[35.73527740000003,-0.37580519999994522],[35.734984200000042,-0.37591759999997976],[35.734940100000074,-0.37588669999996682],[35.734925200000077,-0.37585059999997839],[35.734874200000036,-0.37583979999993744],[35.734795100000042,-0.3758572999999501],[35.734717300000057,-0.37585589999997637],[35.734586600000057,-0.37591239999994741],[35.73439280000008,-0.37599809999994704],[35.73419830000006,-0.3761663999999314],[35.733313000000066,-0.37678929999992761],[35.733074500000043,-0.37692479999992656],[35.732859900000051,-0.37700249999994639],[35.732703000000072,-0.37701999999995905],[35.732651400000066,-0.37704879999995455],[35.732527300000072,-0.37709979999993948],[35.732402500000035,-0.3771151999999347],[35.732275719000029,-0.37718515399996022]]},"properties":{"OBJECTID":108,"FID":5808,"osm_id":"597895565","code":8101,"fclass":"river","width":0,"name":"Korau","SHAPE_Length":0.011809251518145053}},{"type":"Feature","id":109,"geometry":{"type":"LineString","coordinates":[[35.771406900000045,-0.29839759999993021],[35.771379600000046,-0.29851489999992964],[35.77133630000003,-0.29858559999996714],[35.771274800000072,-0.29865279999995664],[35.771257700000035,-0.29870969999996078],[35.771279400000026,-0.29875299999997651],[35.771324900000025,-0.29881449999993492],[35.771343100000024,-0.29888059999996131],[35.771383000000071,-0.29895799999997053],[35.771363600000029,-0.29903769999992846],[35.771312400000056,-0.29910949999992908],[35.771262300000046,-0.29922909999993408],[35.771195100000057,-0.29927239999994981],[35.771040200000073,-0.29931679999992866],[35.770916000000057,-0.29933959999993931],[35.770799800000077,-0.299383999999975],[35.770745200000079,-0.2994443999999703],[35.770679100000052,-0.2995855999999435],[35.770629000000042,-0.29971889999995938],[35.770629000000042,-0.29977349999995795],[35.770606200000032,-0.29983279999993329],[35.770471800000053,-0.29999789999993709],[35.770419400000037,-0.30007879999993747],[35.770355600000073,-0.30012209999995321],[35.770294100000058,-0.30020179999996799],[35.770263400000033,-0.30028839999994261],[35.770216700000049,-0.30037949999996272],[35.770095900000058,-0.30044439999994665],[35.770004800000038,-0.30051499999996167],[35.769941000000074,-0.30056859999996277],[35.769864700000028,-0.30070179999995617],[35.769787300000075,-0.30079179999995631],[35.769659700000034,-0.30095579999994015],[35.769572000000039,-0.30114259999993465],[35.769518500000061,-0.30123149999997167],[35.769430800000066,-0.3013316999999347],[35.76935670000006,-0.30144559999996545],[35.76929640000003,-0.301549199999954],[35.76923940000006,-0.30167789999995875],[35.769177900000045,-0.3018430999999282],[35.769086800000025,-0.30193079999997963],[35.769033200000024,-0.30205719999997882],[35.769004800000062,-0.30217229999993833],[35.768988800000045,-0.30223149999994803],[35.769005900000025,-0.3023316999999679],[35.768976300000077,-0.30247069999995801],[35.768949000000077,-0.30254129999997303],[35.768841900000041,-0.3026562999999669],[35.768732500000056,-0.30271899999996776],[35.768610700000067,-0.3027314999999362],[35.768516100000056,-0.30279299999995146],[35.768478500000072,-0.30289779999992561],[35.768419300000062,-0.30297869999992599],[35.768348700000047,-0.30303109999994149],[35.768172200000038,-0.30308689999992566],[35.767981900000052,-0.30320419999992509],[35.767877200000044,-0.30330099999997628],[35.767693800000075,-0.30345819999996593],[35.767632300000059,-0.30351739999997562],[35.767593500000032,-0.30358919999997624],[35.767529800000034,-0.30363589999996066],[35.767419300000029,-0.30365519999998014],[35.767369200000076,-0.30367689999997083],[35.767287200000055,-0.30368939999993927],[35.767213100000049,-0.30367349999994531],[35.767104900000049,-0.30373839999992924],[35.766954600000076,-0.30381579999993846],[35.76683040000006,-0.30387849999993932],[35.766768900000045,-0.30395939999993971],[35.76668920000003,-0.30405729999995401],[35.766581000000031,-0.30412679999994907],[35.766496700000062,-0.30419859999994969],[35.766397600000062,-0.30428629999994428],[35.766344100000026,-0.30435919999996486],[35.766282600000068,-0.30445939999992788],[35.766245000000026,-0.30454709999997931],[35.766199400000062,-0.30457209999997303],[35.766132200000072,-0.30454819999994243],[35.766107200000079,-0.30451979999998002],[35.766077500000051,-0.30440929999997479],[35.766035400000078,-0.30436139999994793],[35.765957900000046,-0.30435119999992821],[35.765899900000079,-0.30437739999996438],[35.765837200000078,-0.30447869999994737],[35.765804200000048,-0.30458699999996952],[35.765773400000057,-0.30467009999995298],[35.765707400000053,-0.30476459999994177],[35.765705100000048,-0.30485689999994747],[35.765749500000027,-0.30494919999995318],[35.765853200000038,-0.30505739999995285],[35.765897600000073,-0.30512229999993679],[35.765901000000042,-0.30518379999995204],[35.765904400000068,-0.30524869999993598],[35.765856600000063,-0.30530679999992572],[35.765814400000068,-0.30543099999994183],[35.765775700000063,-0.30550499999992553],[35.765689100000031,-0.30557329999993499],[35.765602600000079,-0.30560289999993984],[35.765550200000064,-0.30565309999997226],[35.765468200000043,-0.3056826999999771],[35.765419200000053,-0.30569289999993998],[35.765361100000064,-0.3057646999999406],[35.765319000000034,-0.30586719999996603],[35.765210800000034,-0.30599359999996523],[35.765157200000033,-0.30609039999995957],[35.76515610000007,-0.30619289999992816],[35.765127600000028,-0.30624759999994922],[35.765170900000044,-0.30629429999993363],[35.765231300000039,-0.30629999999996471],[35.765291600000069,-0.30634219999996049],[35.765336000000048,-0.30634329999998045],[35.765361100000064,-0.30632959999996956],[35.76539530000008,-0.30635009999997465],[35.765426000000048,-0.30640479999993886],[35.765421500000059,-0.30649139999997033],[35.765389600000049,-0.30657449999995379],[35.765340600000059,-0.30664279999996324],[35.765282500000069,-0.30685809999994262],[35.765260900000044,-0.30696629999994229],[35.765256300000033,-0.30704609999997956],[35.765166300000033,-0.30725899999993089],[35.765123100000039,-0.30736609999996745],[35.765076400000055,-0.30748459999995248],[35.76504790000007,-0.30755969999995614],[35.765044500000045,-0.30767929999996113],[35.765050200000076,-0.30776249999996708],[35.765080900000044,-0.30788209999997207],[35.765103700000054,-0.30794129999992492],[35.765108200000043,-0.30798909999992929],[35.765076400000055,-0.308066599999961],[35.765012600000034,-0.30814749999996138],[35.764942000000076,-0.30821579999997084],[35.764911200000029,-0.30834339999995564],[35.76491580000004,-0.30842879999994466],[35.764935100000059,-0.30854269999997541],[35.764945400000045,-0.30863609999994424],[35.764920300000028,-0.30870899999996482],[35.764879300000075,-0.30883879999993269],[35.764846300000045,-0.30890149999993355],[35.76481890000008,-0.30895049999998037],[35.764811000000066,-0.30896529999995437],[35.764811000000066,-0.30904159999994363],[35.764828100000045,-0.30910419999997885],[35.764789300000075,-0.30919989999995323],[35.764760900000056,-0.3093148999999471],[35.764771100000075,-0.30940719999995281],[35.76476880000007,-0.30952909999996336],[35.764801900000066,-0.30959969999997838],[35.764882700000044,-0.30971469999997225],[35.764951100000076,-0.30981609999997772],[35.765049000000033,-0.30992999999995163],[35.765093400000069,-0.30996299999992516],[35.765167500000075,-0.31000059999996665],[35.765233500000079,-0.31004389999992554],[35.765275700000075,-0.31008829999996124],[35.765306400000043,-0.31016119999992497],[35.765289300000063,-0.31023749999997108],[35.765239200000053,-0.31031039999993482],[35.765216500000065,-0.31037879999996676],[35.765184600000055,-0.31045509999995602],[35.765151500000059,-0.31051539999992883],[35.765154900000027,-0.31055299999997033],[35.765201600000069,-0.31062589999993406],[35.765218700000048,-0.31069199999996044],[35.765280200000063,-0.31075919999994994],[35.765311000000054,-0.3108206999999652],[35.765394100000037,-0.3108958999999345],[35.765448800000058,-0.31093569999995907],[35.765469300000063,-0.31098809999997457],[35.765471600000069,-0.31104169999997566],[35.765430600000059,-0.31108949999998003],[35.765366800000038,-0.31117949999998018],[35.765322400000059,-0.31126949999998033],[35.765344000000027,-0.31135489999996935],[35.765370200000064,-0.31141749999994772],[35.765430600000059,-0.31146079999996346],[35.765489800000068,-0.31150179999997363],[35.765562700000032,-0.31153829999993832],[35.765642400000047,-0.31154509999993252],[35.765701700000079,-0.31155419999993228],[35.765715300000068,-0.31157129999996869],[35.765749500000027,-0.31163509999993266],[35.765749500000027,-0.31169999999997344],[35.765786000000048,-0.31173189999992701],[35.765879400000074,-0.31175009999992653],[35.765962500000057,-0.31173989999996365],[35.766029700000047,-0.31168749999994816],[35.766099200000042,-0.31166009999992639],[35.766183500000068,-0.31166929999994863],[35.766255200000046,-0.31172509999993281],[35.766323600000078,-0.31181389999994735],[35.766348600000072,-0.31191409999996722],[35.766405600000041,-0.31198929999993652],[35.766473900000051,-0.31200299999994741],[35.766578700000025,-0.31199839999993628],[35.766666400000076,-0.31200529999995297],[35.76673930000004,-0.31206559999992578],[35.766790600000036,-0.31214079999995192],[35.766791700000056,-0.3121897999999419],[35.766759800000045,-0.31223759999994627],[35.766734700000029,-0.31229119999994737],[35.76669030000005,-0.31234579999994594],[35.766659600000025,-0.3124072999999612],[35.76661740000003,-0.31245859999995673],[35.766555900000071,-0.31253599999996595],[35.766503500000056,-0.31260549999996101],[35.766481900000031,-0.31271259999994072],[35.766452300000026,-0.31282989999994015],[35.766420400000072,-0.31292219999994586],[35.766438600000072,-0.31303489999993417],[35.766469400000062,-0.3130701999999701],[35.766558200000077,-0.31311809999994011],[35.766577600000062,-0.31315339999997605],[35.766596900000025,-0.31325819999995019],[35.766585500000076,-0.3132968999999548],[35.766620800000055,-0.31333109999997077],[35.766630000000077,-0.31338119999998071],[35.766598100000067,-0.31345179999993888],[35.766529700000035,-0.31352579999997943],[35.766477300000076,-0.3135895999999434],[35.766414700000041,-0.31366249999996398],[35.766396500000042,-0.31374219999997877],[35.766355500000031,-0.31385499999993272],[35.766358900000057,-0.31396659999995791],[35.766365700000051,-0.31399619999996276],[35.766372500000045,-0.31408279999993738],[35.766395300000056,-0.31425019999994674],[35.766427200000066,-0.31433789999994133],[35.766508100000067,-0.314446099999941],[35.76656840000004,-0.31452469999993582],[35.766574100000071,-0.31458739999993668],[35.766601500000036,-0.31463519999994105],[35.76664020000004,-0.31468989999996211],[35.76664020000004,-0.31472859999996672],[35.766604900000061,-0.31476849999995693],[35.766553600000066,-0.31481399999995574],[35.766510400000072,-0.31486759999995684],[35.766455700000051,-0.31494159999994054],[35.766422700000078,-0.31500199999993583],[35.766383900000051,-0.31519329999997581],[35.766383900000051,-0.31527759999994487],[35.766347500000052,-0.31534029999994573],[35.766348600000072,-0.31540519999992966],[35.766381600000045,-0.31545639999995956],[35.766395300000056,-0.31549859999995533],[35.766387300000076,-0.31556349999993927],[35.766405600000041,-0.31562269999994896],[35.76644200000004,-0.31570249999992939],[35.766439700000035,-0.31575599999996484],[35.766397600000062,-0.31580269999994925],[35.766377100000057,-0.3158470999999281],[35.766372500000045,-0.31591539999993756],[35.766356600000051,-0.31596439999992754],[35.766279100000077,-0.31607599999995273],[35.766246100000046,-0.31619449999993776],[35.766222200000072,-0.31630379999995739],[35.766153800000041,-0.3164108999999371],[35.766085500000031,-0.31645879999996396],[35.766004600000031,-0.31648039999993216],[35.765957900000046,-0.31652029999997922],[35.765901000000042,-0.31653849999997874],[35.765842900000052,-0.31657489999997779],[35.765784800000063,-0.31659199999995735],[35.765734700000053,-0.31664209999996729],[35.765672100000074,-0.31665919999994685],[35.765553600000032,-0.31666039999993245],[35.765412400000059,-0.31670589999993126],[35.765247200000033,-0.3167571999999268],[35.76511510000006,-0.31676739999994652],[35.765043300000059,-0.31679819999993697],[35.764934000000039,-0.31682889999996178],[35.764803000000029,-0.31681639999993649],[35.76471870000006,-0.31683459999993602],[35.764642400000071,-0.3168334999999729],[35.764534200000071,-0.31687899999997171],[35.76448750000003,-0.31693709999996145],[35.764414600000066,-0.31702139999993051],[35.764333700000066,-0.31711249999995061],[35.76427220000005,-0.31714899999997215],[35.764246000000071,-0.31719679999997652],[35.764210700000035,-0.31726289999994606],[35.764189100000067,-0.31731979999995019],[35.764164000000051,-0.31735399999996616],[35.764148100000057,-0.31739959999993062],[35.764152600000045,-0.31746899999996003],[35.76417310000005,-0.31751919999993561],[35.76415030000004,-0.31756809999995994],[35.764125300000046,-0.31762049999997544],[35.764148100000057,-0.31767059999992853],[35.764201600000035,-0.31771619999994982],[35.764225500000066,-0.3177822999999762],[35.764246000000071,-0.31790069999993875],[35.764284700000076,-0.31800669999995534],[35.764313200000061,-0.31807609999992792],[35.764357600000039,-0.31812279999996917],[35.764364500000056,-0.31815469999997958],[35.764333700000066,-0.31822309999995468],[35.764337100000034,-0.31827429999992773],[35.764314400000046,-0.3183608999999592],[35.764260800000045,-0.31846909999995887],[35.764235800000051,-0.31855909999995902],[35.764224400000046,-0.31859669999994367],[35.764236900000071,-0.31865469999996776],[35.764244900000051,-0.31874019999997927],[35.764219800000035,-0.31887339999997266],[35.764178800000025,-0.31899419999996326],[35.764121900000077,-0.31908189999995784],[35.764104800000041,-0.31912629999993669],[35.764108200000067,-0.31918319999994083],[35.764125300000046,-0.31923559999995632],[35.764128700000072,-0.31931879999996227],[35.764146900000071,-0.31936429999996108],[35.764157200000056,-0.3194576999999299],[35.76417310000005,-0.31953059999995048],[35.764210700000035,-0.31958869999994022],[35.76429840000003,-0.31966049999994084],[35.76439750000003,-0.31972309999997606],[35.764449900000045,-0.31980059999995092],[35.764518200000055,-0.31986549999993485],[35.764536500000077,-0.31994299999996656],[35.764572900000076,-0.31997259999997141],[35.764590000000055,-0.31999989999997069],[35.764583200000061,-0.32005569999995487],[35.764583200000061,-0.32010919999993348],[35.76460940000004,-0.32018899999997075],[35.764625300000034,-0.32027549999997973],[35.764653800000076,-0.32032679999997526],[35.76471070000008,-0.32038029999995388],[35.764715300000034,-0.32042929999994385],[35.76467880000007,-0.3204588999999487],[35.764639000000045,-0.32048629999997047],[35.76461160000008,-0.32056939999995393],[35.764576300000044,-0.32067419999992808],[35.76456950000005,-0.32074139999997442],[35.764599100000055,-0.32081769999996368],[35.76462870000006,-0.32090089999996962],[35.76462760000004,-0.3209702999999422],[35.764621900000066,-0.32107739999997875],[35.764623000000029,-0.32115139999996245],[35.764648100000045,-0.32121749999993199],[35.764702800000066,-0.32128359999995837],[35.76475860000005,-0.32142709999993713],[35.764763100000039,-0.32147379999997838],[35.764782500000024,-0.32151929999997719],[35.764852000000076,-0.321542099999931],[35.764928300000065,-0.32158079999993561],[35.764986400000055,-0.32164919999996755],[35.765061500000058,-0.32172439999993685],[35.765125300000079,-0.32177449999994678],[35.765202800000054,-0.32187579999992977],[35.765284800000074,-0.32200449999993452],[35.765323500000079,-0.32207169999992402],[35.765357700000038,-0.3221309999999562],[35.765358800000058,-0.32219929999996566],[35.765369100000044,-0.32226879999996072],[35.765363400000069,-0.32240549999994528],[35.765333800000064,-0.32247719999998026],[35.765309900000034,-0.32255919999994376],[35.765341700000079,-0.32259229999993977],[35.76539530000008,-0.32261279999994485],[35.765413500000079,-0.32264009999994414],[35.765446500000053,-0.32266059999994923],[35.765498900000068,-0.32267999999993435],[35.765551300000027,-0.3227095999999392],[35.765584300000057,-0.32275739999994357],[35.765617400000053,-0.32281669999997575],[35.765655000000038,-0.32285649999994348],[35.765752900000052,-0.32288609999994833],[35.765839500000027,-0.32295219999997471],[35.765895300000068,-0.32298859999997376],[35.766001200000062,-0.32302739999994401],[35.766085500000031,-0.32311959999992723],[35.766136800000027,-0.32314919999993208],[35.766205100000036,-0.32315489999996316],[35.766265500000031,-0.32315269999998009],[35.766321300000072,-0.32317539999996825],[35.766371400000025,-0.32316519999994853],[35.76641010000003,-0.32316859999997405],[35.766424900000061,-0.32319709999995894],[35.766424900000061,-0.32325059999993755],[35.766469400000062,-0.32328479999995352],[35.76655020000004,-0.32324259999995775],[35.766593500000056,-0.32320509999993874],[35.766680100000031,-0.32320159999994758],[35.766722200000061,-0.32322559999994382],[35.766772300000071,-0.32324609999994891],[35.766845200000034,-0.32324259999995775],[35.766863400000034,-0.3232733999999482],[35.766861200000051,-0.32331209999995281],[35.766840700000046,-0.32334399999996322],[35.76680650000003,-0.32339639999997871],[35.766737000000035,-0.32347499999997353],[35.766717700000072,-0.32354329999992615],[35.766693700000076,-0.32363219999996318],[35.766643600000066,-0.32369599999992715],[35.766631100000041,-0.32375519999993685],[35.766576400000076,-0.32385089999996808],[35.76659120000005,-0.32392149999992625],[35.766595800000061,-0.32401939999994056],[35.766602600000056,-0.32409799999993538],[35.766582100000051,-0.324154999999962],[35.766584400000056,-0.32421989999994594],[35.766552500000046,-0.32427339999992455],[35.76651830000003,-0.32435889999993606],[35.766487600000062,-0.3244624999999246],[35.766471600000045,-0.32457409999994979],[35.766464800000051,-0.32461509999995997],[35.766455700000051,-0.32468009999996639],[35.766487600000062,-0.32475409999995009],[35.766462500000046,-0.32484519999997019],[35.766479600000025,-0.3249374999999759],[35.766439700000035,-0.3250182999999538],[35.766420400000072,-0.32509349999997994],[35.766399900000067,-0.32518919999995433],[35.766349800000057,-0.32527349999998023],[35.766329300000052,-0.32533609999995861],[35.766332700000078,-0.32541469999995343],[35.766304200000036,-0.32546479999996336],[35.766229000000067,-0.32550809999997909],[35.766193700000031,-0.32558899999997948],[35.766175500000031,-0.32561969999994744],[35.766139000000067,-0.32565279999994345],[35.766085500000031,-0.32573819999993248],[35.766011500000047,-0.32581789999994726],[35.765956800000026,-0.32587149999994836],[35.765893000000062,-0.32594209999996338],[35.765799600000037,-0.32602639999993244],[35.765751800000032,-0.32610609999994722],[35.765740400000027,-0.32616989999996804],[35.765686900000048,-0.3262541999999371],[35.765667500000063,-0.32633389999995188],[35.765706200000068,-0.32646719999996776],[35.765742700000033,-0.32658789999993587],[35.765743800000052,-0.32665619999994533],[35.765727900000059,-0.32673479999994015],[35.765660700000069,-0.32684639999996534],[35.765632200000027,-0.32691479999994044],[35.765561600000069,-0.32697169999994458],[35.765528500000073,-0.32703439999994544],[35.765500100000054,-0.32707879999992429],[35.765452200000027,-0.32711519999998018],[35.765440800000079,-0.32718129999994972],[35.765411200000074,-0.32723939999993945],[35.765311000000054,-0.32728039999994962],[35.765218700000048,-0.32729519999998047],[35.765139000000033,-0.32732819999995399],[35.765102600000034,-0.32738289999997505],[35.765044500000045,-0.32744099999996479],[35.765037600000028,-0.32749339999998028],[35.765031900000054,-0.32755149999997002],[35.76498870000006,-0.32760159999997995],[35.76498980000008,-0.3276391999999646],[35.765031900000054,-0.32767449999994369],[35.765086600000075,-0.32769039999993765],[35.765154900000027,-0.32771779999995942],[35.765190300000029,-0.32777019999997492],[35.765274500000032,-0.32781689999995933],[35.765298500000029,-0.32784529999997858],[35.765293900000074,-0.32789549999995415],[35.765241500000059,-0.32793079999993324],[35.765215300000079,-0.32796269999994365],[35.765207300000043,-0.32802989999993315],[35.765168600000038,-0.32809819999994261],[35.765131000000054,-0.32817679999993743],[35.765109400000028,-0.32825539999993225],[35.765092300000049,-0.32828729999994266],[35.76503880000007,-0.32832029999997303],[35.764963600000044,-0.32837379999995164],[35.764910100000066,-0.32843989999997802],[35.764894100000049,-0.32850029999997332],[35.764841700000034,-0.32852759999997261],[35.764812100000029,-0.32859939999997323],[35.764796200000035,-0.32867679999992561],[35.764746000000059,-0.32872009999994134],[35.764644700000076,-0.32872009999994134],[35.764567200000045,-0.3287211999999613],[35.764545600000076,-0.32875769999992599],[35.76453760000004,-0.32883399999997209],[35.764541000000065,-0.32888749999995071],[35.764580900000055,-0.32894559999994044],[35.764607100000035,-0.32904019999995171],[35.764596800000049,-0.32911419999993541],[35.764567200000045,-0.32919279999993023],[35.764489800000035,-0.32926339999994525],[35.764455600000076,-0.32933629999996583],[35.764467000000025,-0.32939669999996113],[35.76446930000003,-0.32942969999993466],[35.76437020000003,-0.32957429999993337],[35.764295000000061,-0.32970529999994369],[35.764214100000061,-0.32976109999992786],[35.764145800000051,-0.32977139999997007],[35.764090000000067,-0.32980779999996912],[35.764022800000077,-0.32987959999996974],[35.763951000000077,-0.32992289999992863],[35.763888400000042,-0.32995019999992792],[35.763850800000057,-0.33002199999992854],[35.763813200000072,-0.33007319999995843],[35.763797300000078,-0.33014379999997345],[35.763750600000037,-0.33019169999994347],[35.763706100000036,-0.33023609999997916],[35.763701600000047,-0.33028049999995801],[35.763727800000026,-0.33031699999997954],[35.763783600000068,-0.33035799999993287],[35.763914600000078,-0.3304536999999641],[35.764004600000078,-0.33049349999993183],[35.764093400000036,-0.33052199999997356],[35.764159500000062,-0.33056869999995797],[35.764250600000025,-0.33061079999993126],[35.764328000000035,-0.33065979999997808],[35.764373600000056,-0.33071109999997361],[35.764374700000076,-0.33076569999997218],[35.764385000000061,-0.33082149999995636],[35.76434850000004,-0.33092519999996739],[35.764354200000071,-0.33098099999995156],[35.764456700000039,-0.33105729999994082],[35.764494300000024,-0.33110289999996212],[35.764506900000072,-0.33115299999997205],[35.76448860000005,-0.331250999999952],[35.76446020000003,-0.33134089999992966],[35.764431700000046,-0.33142859999992424],[35.76438950000005,-0.33151179999993019],[35.764372500000036,-0.33158919999993941],[35.764329200000077,-0.33166329999994559],[35.764266500000076,-0.33170769999992444],[35.764210700000035,-0.33179879999994455],[35.764159500000062,-0.33188989999996465],[35.764127600000052,-0.33196049999997967],[35.764076300000056,-0.33202209999996057],[35.763995400000056,-0.33207669999995915],[35.763905500000078,-0.33209039999997003],[35.763828000000046,-0.33211089999997512],[35.763782500000048,-0.33215529999995397],[35.763749400000052,-0.3322053999999639],[35.763713000000052,-0.33229089999997541],[35.763668600000074,-0.33237629999996443],[35.763672000000042,-0.3324320999999486],[35.763708400000041,-0.33252209999994875],[35.763787000000036,-0.33257329999997864],[35.763894100000073,-0.33262799999994286],[35.763922500000035,-0.33266709999998056],[35.763944200000026,-0.33271909999996296],[35.763938500000052,-0.33276809999995294],[35.763910000000067,-0.33283069999993131],[35.763916900000027,-0.33286949999995841],[35.763899800000047,-0.33290709999994306],[35.763845100000026,-0.33297429999993255],[35.763832600000057,-0.33307219999994686],[35.763856500000031,-0.33314279999996188],[35.763903200000073,-0.3332225999999423],[35.763957900000037,-0.33330799999993133],[35.76399200000003,-0.33340019999997139],[35.764035300000046,-0.33348449999994045],[35.764035300000046,-0.33361889999997629],[35.764027300000066,-0.33367929999997159],[35.763997700000061,-0.33372489999993604],[35.763944200000026,-0.33380689999995639],[35.763836000000026,-0.33398459999995112],[35.763806400000078,-0.33405179999994061],[35.763771100000042,-0.33417589999993424],[35.763764200000026,-0.334304599999939],[35.763774500000068,-0.33437299999997094],[35.763769900000057,-0.33449029999997038],[35.763765400000068,-0.3346428999999489],[35.763744900000063,-0.33470439999996415],[35.763691300000062,-0.33477389999995921],[35.763683400000048,-0.33489119999995864],[35.763672000000042,-0.3349458999999797],[35.763653700000077,-0.33500739999993812],[35.763667400000031,-0.33507119999995894],[35.763658300000031,-0.33513489999995727],[35.763597900000036,-0.33519079999996393],[35.763552400000037,-0.33525679999996782],[35.763542100000052,-0.33536389999994753],[35.763568300000031,-0.33545159999994212],[35.763554700000043,-0.33552789999993138],[35.763549000000069,-0.33559739999992644],[35.763549000000069,-0.33572379999992563],[35.763523900000052,-0.33580469999992602],[35.763494300000048,-0.33587419999997792],[35.763420200000041,-0.33594819999996162],[35.763404300000047,-0.33599259999994047],[35.763377000000048,-0.33606659999992416],[35.763333700000032,-0.33607459999996081],[35.76327450000008,-0.33609399999994594],[35.763228900000058,-0.33608939999993481],[35.763184500000079,-0.33612819999996191],[35.763177600000063,-0.33615889999992987],[35.763187900000048,-0.33619309999994584],[35.763214100000027,-0.33622719999993933],[35.763209500000073,-0.33625229999995554],[35.76317540000008,-0.33626479999992398],[35.763143500000069,-0.33623749999992469],[35.763111600000059,-0.33625569999992422],[35.763103600000079,-0.33627959999995483],[35.763077400000043,-0.33630469999997104],[35.763022700000079,-0.33633319999995592],[35.762974900000074,-0.33634909999994989],[35.762964600000032,-0.33637189999996053],[35.762966900000038,-0.33640829999995958],[35.762982900000054,-0.33644479999992427],[35.762982900000054,-0.33646189999996068],[35.76298630000008,-0.33648469999997133],[35.763018200000033,-0.3364868999999544],[35.763048900000058,-0.33647099999996044],[35.763071700000069,-0.33648469999997133],[35.763070600000049,-0.33650969999996505],[35.763042100000064,-0.3365404999999555],[35.763042100000064,-0.33657009999996035],[35.763075100000037,-0.33662699999996448],[35.763117300000033,-0.3366816999999287],[35.763126400000033,-0.33673409999994419],[35.763112700000079,-0.33678309999993417],[35.763047800000038,-0.33685369999994919],[35.763011300000073,-0.33692199999995864],[35.762974900000074,-0.33701999999993859],[35.762908800000048,-0.33710879999995313],[35.762829100000033,-0.33717599999994263],[35.762781300000029,-0.33724779999994325],[35.762753900000064,-0.3373297999999636],[35.762714100000039,-0.33736399999997957],[35.762642300000039,-0.33740609999995286],[35.762586500000054,-0.33744029999996883],[35.762546600000064,-0.33746529999996255],[35.762502200000029,-0.33751769999997805],[35.76243050000005,-0.3375564999999483],[35.76239860000004,-0.33763509999994312],[35.762394000000029,-0.3377283999999463],[35.762406500000054,-0.33777739999993628],[35.762453200000039,-0.33784349999996266],[35.762461200000075,-0.33789359999997259],[35.762441800000033,-0.33792319999997744],[35.76236780000005,-0.33795059999994237],[35.762334800000076,-0.33799609999994118],[35.762337100000025,-0.33807129999996732],[35.762363300000061,-0.33813619999995126],[35.762337100000025,-0.33822049999997716],[35.762307400000054,-0.33828879999992978],[35.76230860000004,-0.33836289999993596],[35.762288100000035,-0.33842209999994566],[35.762323400000071,-0.33849839999993492],[35.762327900000059,-0.33857589999996662],[35.76231770000004,-0.33867949999995517],[35.762297200000035,-0.33875699999993003],[35.762269900000035,-0.33881389999993416],[35.76220950000004,-0.33884579999994457],[35.76211150000006,-0.33886179999996102],[35.762038600000039,-0.33887879999997494],[35.761914500000046,-0.3389175999999452],[35.761846100000071,-0.33895969999997533],[35.761815400000046,-0.33903599999996459],[35.761768700000061,-0.33911799999992809],[35.761736800000051,-0.33915679999995518],[35.761644500000045,-0.33915679999995518],[35.761578500000041,-0.33912369999995917],[35.761521500000072,-0.3391430999999443],[35.761517000000026,-0.33918179999994891],[35.761542000000077,-0.33924899999993841],[35.761542000000077,-0.33928429999997434],[35.761494200000072,-0.33931169999993926],[35.761479400000042,-0.33935949999994364],[35.761497600000041,-0.33941419999996469],[35.761564800000031,-0.33943919999995842],[35.761600100000067,-0.33949499999994259],[35.761592200000052,-0.33952579999993304],[35.761537500000031,-0.33954859999994369],[35.761488500000041,-0.33955429999997477],[35.761480500000062,-0.3395792999999685],[35.761499900000047,-0.33961239999996451],[35.761532900000077,-0.33961799999997311],[35.761544300000025,-0.33959189999995942],[35.761570500000062,-0.33958389999997962],[35.761588700000061,-0.33961919999995871],[35.761609200000066,-0.33963399999993271],[35.761629700000071,-0.3396544999999378],[35.761619500000052,-0.33967269999993732],[35.761600100000067,-0.33968869999995377],[35.761601300000052,-0.33971139999994193],[35.761622900000077,-0.33972969999996394],[35.761644500000045,-0.3397455999999579],[35.761642300000062,-0.33981969999996409],[35.761643400000025,-0.3398663999999485],[35.761668500000042,-0.33988229999994246],[35.761689000000047,-0.3398663999999485],[35.761704900000041,-0.33983219999993253],[35.761717400000066,-0.33980139999994208],[35.761760700000025,-0.33980029999997896],[35.761812000000077,-0.33981619999997292],[35.761864400000036,-0.33984809999992649],[35.761875800000041,-0.33987889999997378],[35.761856400000056,-0.33990279999994755],[35.761794900000041,-0.33991189999994731],[35.76176300000003,-0.33993239999995239],[35.761753900000031,-0.33999279999994769],[35.761765300000036,-0.34003379999995786],[35.761827900000071,-0.34009639999993624],[35.761882600000035,-0.3401726999999255],[35.761892800000055,-0.34025359999992588],[35.761896300000046,-0.34033329999994066],[35.76187230000005,-0.34043359999992617],[35.761849600000062,-0.34048939999996719],[35.761861000000067,-0.34053379999994604],[35.76192130000004,-0.34057479999995621],[35.761964600000056,-0.34063399999996591],[35.761964600000056,-0.34068419999994148],[35.761936100000071,-0.34073769999997694],[35.761908800000072,-0.34083679999997685],[35.761887200000047,-0.3410326999999711],[35.761888300000066,-0.34111009999998032],[35.761841600000025,-0.34120579999995471],[35.761829100000057,-0.3412729999999442],[35.76187230000005,-0.34134359999995922],[35.761882600000035,-0.341400599999929],[35.76188940000003,-0.34146549999996978],[35.761911100000077,-0.34153269999995928],[35.761929300000077,-0.3416044999999599],[35.761882300000025,-0.34168219999997973]]},"properties":{"OBJECTID":109,"FID":22128,"osm_id":"999275754","code":8102,"fclass":"stream","width":0,"name":"Chawachi","SHAPE_Length":0.058124468559351092}},{"type":"Feature","id":110,"geometry":{"type":"LineString","coordinates":[[35.755491000000063,-0.27815999999995711],[35.755585500000052,-0.27778209999996761],[35.756217800000059,-0.27646649999996953],[35.756744800000035,-0.27576509999994414],[35.757191800000044,-0.27513279999993756],[35.757247500000062,-0.27495279999993727],[35.757271700000047,-0.27487479999996367],[35.75753700000007,-0.27459499999997661],[35.757733300000041,-0.27437329999997928],[35.75808580000006,-0.27417699999995193],[35.758198400000026,-0.27393719999997757],[35.758322000000078,-0.27379909999996244],[35.75846370000005,-0.27361369999994167],[35.758754500000066,-0.27361369999994167],[35.758885300000031,-0.27351559999993924],[35.758787200000029,-0.2733047999999485],[35.758932500000071,-0.27314129999996339],[35.759437700000035,-0.27285059999996975],[35.759670300000039,-0.27238539999996192],[35.760099100000048,-0.27225459999993973],[35.760611500000039,-0.27189109999994798],[35.761429200000066,-0.27153859999992846],[35.761839900000041,-0.27092449999997825],[35.762523100000067,-0.27026669999997921],[35.763130000000046,-0.2699104999999804],[35.763275400000055,-0.26963429999995014],[35.763239100000078,-0.2693435999999565],[35.763515300000051,-0.26894019999997454],[35.764365700000042,-0.267991699999925],[35.765023400000075,-0.26731209999996963],[35.765543100000059,-0.26679239999992888],[35.76627510000003,-0.26619279999994205]]},"properties":{"OBJECTID":110,"FID":1506,"osm_id":"244394784","code":8101,"fclass":"river","width":0,"name":"","SHAPE_Length":0.016900943445298529}},{"type":"Feature","id":111,"geometry":{"type":"LineString","coordinates":[[35.771440000000041,-0.29831109999997807],[35.771406900000045,-0.29839759999993021]]},"properties":{"OBJECTID":111,"FID":22124,"osm_id":"999275748","code":8102,"fclass":"stream","width":0,"name":"Chawachi","SHAPE_Length":9.2616737102188784e-05}},{"type":"Feature","id":112,"geometry":{"type":"LineString","coordinates":[[35.778866600000072,-0.36580309999993688],[35.778914900000075,-0.36573439999995117],[35.779021000000057,-0.36568979999992735],[35.779097800000045,-0.36562549999996463],[35.779129200000057,-0.36559969999996156],[35.779171500000075,-0.36556069999994634],[35.779326300000037,-0.36545539999997345],[35.779375200000061,-0.36540359999997918],[35.779445700000053,-0.36533449999996037],[35.779520500000046,-0.36525969999996732],[35.779572300000041,-0.36519929999997203],[35.779604000000063,-0.36512019999997847],[35.779588100000069,-0.36502819999992653],[35.779606800000067,-0.36493319999993901],[35.77964140000006,-0.36482529999994995],[35.779697500000054,-0.36470879999995987],[35.779710400000056,-0.36460959999993747],[35.779667300000028,-0.3644929999999249],[35.779573800000037,-0.36436069999996334],[35.779457200000024,-0.36421399999994719],[35.779385300000058,-0.36403709999996181],[35.779360900000029,-0.36395789999994577],[35.77936660000006,-0.36382129999992685],[35.779379600000027,-0.36366019999996979],[35.779389600000059,-0.36349039999993238],[35.779382400000031,-0.36330779999997276],[35.779402600000026,-0.3631926999999564],[35.779437100000052,-0.36303589999994301],[35.779481700000076,-0.36286619999992809],[35.779504700000075,-0.36268199999994977],[35.779488900000047,-0.36265329999997675],[35.779425600000025,-0.36258279999992737],[35.779276000000038,-0.36245759999997063],[35.779080400000055,-0.36231519999995498],[35.77902430000006,-0.36228499999992891],[35.778976800000066,-0.36224329999993188],[35.778912000000048,-0.36218719999993709],[35.778880400000048,-0.36213109999994231],[35.778873200000078,-0.36205049999995254],[35.778910600000074,-0.3620059999999512],[35.779008400000066,-0.36199299999992718],[35.779107700000054,-0.36200019999995448],[35.77916950000008,-0.3620087999999555],[35.779264500000068,-0.3620015999999282],[35.779422700000055,-0.36193259999993188],[35.779499000000044,-0.36187219999993658],[35.779530600000044,-0.3618160999999418],[35.77953640000004,-0.36171969999998055],[35.779549300000042,-0.36167939999995724],[35.779579500000068,-0.36165209999995795],[35.779668700000059,-0.36164059999993015],[35.779791000000046,-0.36161469999996143],[35.779854300000068,-0.36158159999996542],[35.77995210000006,-0.36149529999994456],[35.780083000000047,-0.36139029999992545],[35.78015060000007,-0.3613154999999324],[35.780166400000041,-0.36124069999993935],[35.780170700000042,-0.36112419999994927],[35.780196600000068,-0.3609759999999369],[35.780241200000034,-0.36081489999997984],[35.780313100000058,-0.36067969999993466],[35.780334700000026,-0.36059769999997116],[35.780350500000054,-0.36048549999992474],[35.780373600000075,-0.36039629999993394],[35.780425300000047,-0.36032009999996717],[35.780482900000038,-0.36022509999997965],[35.780491500000039,-0.3602006999999503],[35.780494400000066,-0.36013739999992822],[35.780480000000068,-0.36005109999996421],[35.780451200000073,-0.35994609999994509],[35.780422500000043,-0.35993309999997791],[35.780385100000046,-0.35992309999994632],[35.780375000000049,-0.35989289999997709],[35.78037930000005,-0.35983099999992874],[35.780359200000078,-0.3597892999999317],[35.780318900000054,-0.35973319999993691],[35.780309500000044,-0.35970299999996769],[35.780333300000052,-0.35966269999994438],[35.780362800000034,-0.35960439999996652],[35.78038870000006,-0.3595885999999382],[35.780403000000035,-0.3595705999999268],[35.780399400000078,-0.35953109999996968],[35.780392300000074,-0.35947209999994811],[35.780384300000037,-0.3594253999999637],[35.780389400000047,-0.35940379999993866],[35.780422500000043,-0.3593958999999245],[35.780460600000026,-0.35937289999992572],[35.780485800000065,-0.35934049999997342],[35.780486500000052,-0.35930309999997689],[35.78046850000004,-0.35927139999995461],[35.780442600000072,-0.35926209999996672],[35.780393700000047,-0.35926499999993666],[35.780357000000038,-0.35927859999992506],[35.780323200000055,-0.3593066999999337],[35.78030380000007,-0.35932389999993575],[35.780292300000042,-0.35932389999993575],[35.780287200000032,-0.35929729999998017],[35.780288000000041,-0.35923979999995481],[35.780286500000045,-0.35917149999994535],[35.780290800000046,-0.35914989999997715],[35.78030160000003,-0.35911539999995057],[35.780319600000041,-0.35907799999995405],[35.780337600000053,-0.35904129999994439],[35.780337600000053,-0.35902329999993299],[35.780328200000042,-0.3590139999999451],[35.78030810000007,-0.3590211999999724],[35.780287200000032,-0.3590347999999608],[35.780275700000061,-0.3590275999999335],[35.780286500000045,-0.3589923999999769],[35.780298800000025,-0.35894349999995256],[35.780299500000069,-0.35888449999993099],[35.780294400000059,-0.35883559999996351],[35.780275700000061,-0.35881979999993519],[35.780261400000029,-0.3587952999999402],[35.780272100000047,-0.35876729999995405],[35.780281500000058,-0.35874779999994644],[35.78027650000007,-0.35873129999993125],[35.780247000000031,-0.35873059999994439],[35.780206700000065,-0.35873059999994439],[35.780177900000069,-0.35871189999994613],[35.780169300000068,-0.35867739999997639],[35.78015060000007,-0.35863279999995257],[35.78011680000003,-0.35861479999994117],[35.780085900000074,-0.35858749999994188],[35.780051300000025,-0.3585449999999355],[35.780025400000056,-0.35850189999996473],[35.780019700000025,-0.35842709999997169],[35.780021100000056,-0.35834079999995083],[35.780016800000055,-0.35827749999992875],[35.779947800000059,-0.35824869999993325],[35.779898900000035,-0.35818969999996852],[35.779891700000064,-0.35809049999994613],[35.779900300000065,-0.35796529999993254],[35.779921900000033,-0.35780709999994542],[35.779946300000063,-0.35764599999993152],[35.780021100000056,-0.35758409999994001],[35.780147700000043,-0.35751079999994317],[35.780297300000029,-0.35741439999992508],[35.780326100000025,-0.35737839999995913],[35.780334700000026,-0.35731229999993275],[35.780353400000024,-0.35716549999995095],[35.780386500000077,-0.35696989999996731],[35.780435400000044,-0.35688939999994318],[35.780562000000032,-0.35679009999995515],[35.780737500000043,-0.3566792999999393],[35.780905800000028,-0.35657149999997273],[35.781019400000048,-0.35644769999993287],[35.781146000000035,-0.35635569999993777],[35.781301400000075,-0.35625639999994974],[35.78136040000004,-0.35626219999994646],[35.781466800000032,-0.35627659999994421],[35.781564600000024,-0.35624639999997498],[35.781626500000073,-0.35616289999995843],[35.781658100000072,-0.35607369999996763],[35.781697000000065,-0.35605219999996507],[35.781767400000035,-0.35605069999996886],[35.781822100000056,-0.356021999999939],[35.781843700000024,-0.35594999999995025],[35.781825000000026,-0.3558608999999251],[35.781814900000029,-0.35578889999993635],[35.78186960000005,-0.35579609999996364],[35.781942900000047,-0.35580479999993031],[35.782049400000062,-0.35574579999996558],[35.782182500000033,-0.35567669999994678],[35.782268000000045,-0.35563499999994974],[35.782365900000059,-0.3556248999999525],[35.78248380000008,-0.35559039999992592],[35.782598900000039,-0.35551849999995966],[35.782693800000061,-0.35539769999996906],[35.782810400000074,-0.35529409999998052],[35.782931200000064,-0.35518329999996467],[35.78299590000006,-0.35503229999994801],[35.783062100000052,-0.35483949999996867],[35.783103800000049,-0.35462669999992613],[35.78311240000005,-0.35460799999992787],[35.783152700000073,-0.35461949999995568],[35.783267800000033,-0.35470429999998032],[35.783405900000048,-0.35481939999993983],[35.78350370000004,-0.35488849999995864],[35.783623100000057,-0.35492869999995946],[35.783725200000049,-0.35483809999993809],[35.783856100000037,-0.35465399999992542],[35.783882000000062,-0.35454899999996314],[35.78389210000006,-0.35440079999995078],[35.783912200000032,-0.35424399999993739],[35.783989900000051,-0.35409589999994751],[35.784051800000043,-0.35391169999996919],[35.78409060000007,-0.35382109999994782],[35.784156800000062,-0.35375639999995201],[35.784294900000077,-0.35367299999995794],[35.784424300000069,-0.35358229999997093],[35.784502000000032,-0.35348309999994854],[35.784553800000026,-0.35338959999995723],[35.784545200000025,-0.35329029999996919],[35.784499100000062,-0.35316089999997757],[35.78440850000004,-0.35300259999996797],[35.784376900000041,-0.35290909999997666],[35.784384100000068,-0.352811299999928],[35.784441600000036,-0.35271059999996623],[35.784512100000029,-0.35264729999994415],[35.784523600000057,-0.35258259999994834],[35.784504900000059,-0.35248909999995703],[35.784468900000036,-0.35238839999993843],[35.78436970000007,-0.35224889999994957],[35.784338000000048,-0.35216979999995601],[35.784339500000044,-0.3520474999999692],[35.784342300000048,-0.35188499999992473],[35.784361000000047,-0.35171089999994365],[35.784409900000071,-0.35149369999993496]]},"properties":{"OBJECTID":112,"FID":25242,"osm_id":"1043627638","code":8102,"fclass":"stream","width":0,"name":"","SHAPE_Length":0.020000907655137026}},{"type":"Feature","id":113,"geometry":{"type":"LineString","coordinates":[[35.706089400000053,-0.2922132999999576],[35.706540400000051,-0.29209319999995387],[35.706900200000064,-0.29200119999995877],[35.708475200000066,-0.29193499999996675],[35.71022540000007,-0.29291469999992614],[35.710464100000024,-0.29303809999993291],[35.710592900000051,-0.29317759999997861],[35.710759200000041,-0.293311699999947],[35.71095500000007,-0.29306219999995164],[35.71118830000006,-0.29301129999993236],[35.711435100000074,-0.29278869999996004],[35.711671100000046,-0.29274569999995492],[35.712033200000064,-0.2926598999999328],[35.712550900000053,-0.29239169999993919],[35.713441400000079,-0.29205909999996038],[35.714192400000059,-0.29169429999996055],[35.714975600000059,-0.29127589999995962],[35.715447700000027,-0.29107209999995121],[35.715694400000075,-0.29068579999994881],[35.716027000000054,-0.29043909999995776],[35.716525900000079,-0.29028349999992997],[35.716885300000058,-0.2902995999999689],[35.717496900000071,-0.29000459999997474],[35.717985000000056,-0.28984359999992648],[35.718392700000038,-0.28975239999994074],[35.718725300000074,-0.2895914999999718],[35.719192000000078,-0.28932329999997819],[35.719900100000075,-0.28882439999995313],[35.720109300000047,-0.28854549999994106],[35.720071800000028,-0.28822359999998071],[35.720211300000074,-0.2879821999999308],[35.720753100000024,-0.28765499999997246],[35.721042700000055,-0.28755309999996825],[35.721568500000046,-0.28735459999995783],[35.721927900000026,-0.28722579999993059],[35.722158500000035,-0.28710779999994429],[35.722512600000073,-0.28694689999997536],[35.722990000000038,-0.28694149999995489],[35.723467500000027,-0.28676449999994702],[35.723918100000049,-0.28653919999993605],[35.724749600000052,-0.28637829999996711],[35.725184100000035,-0.28594369999996161],[35.725178700000072,-0.2859597999999437],[35.725554200000033,-0.28567019999997001],[35.725881500000071,-0.28557899999992742],[35.726552000000027,-0.28553609999994478],[35.72723330000008,-0.28563799999994899],[35.727437100000031,-0.28569699999997056],[35.727753600000028,-0.28584719999997787],[35.727973600000041,-0.28577749999993785],[35.728322300000059,-0.2856218999999669],[35.729078600000037,-0.28564869999996745],[35.729620400000044,-0.28575059999997166],[35.729899400000079,-0.2859705999999278],[35.73029420000006,-0.28617909999996982],[35.730907900000034,-0.28627629999994042],[35.732592300000078,-0.28629779999994298],[35.732785500000034,-0.28624409999997624],[35.732892700000036,-0.28609929999993255],[35.732983900000079,-0.28624409999997624],[35.733010800000045,-0.28630319999996345],[35.733214600000053,-0.28635139999994408],[35.733515000000068,-0.28629779999994298],[35.73370280000006,-0.28633529999996199],[35.734056800000076,-0.2865498999999545],[35.735194100000058,-0.28695759999993697],[35.735961200000077,-0.28727949999995417],[35.736347400000056,-0.28738139999995838],[35.736798000000078,-0.28735989999995581],[35.737385400000051,-0.28726869999997007],[35.737533000000042,-0.28721239999993031],[35.737645600000064,-0.28718829999996842],[35.737779700000033,-0.28722849999996924],[35.738262500000076,-0.2872740999999337],[35.738707800000043,-0.28722309999994877],[35.739062000000047,-0.28718309999993608],[35.739480300000025,-0.2873679999999581],[35.739952300000027,-0.28735189999997601],[35.740126700000076,-0.28739749999994046],[35.740451200000052,-0.2874779999999646],[35.740695300000027,-0.28763889999993353],[35.740963500000078,-0.28773539999997411],[35.740963500000078,-0.28773279999995793],[35.741027900000063,-0.28780519999997978],[35.741035900000043,-0.28798759999995127]]},"properties":{"OBJECTID":113,"FID":1662,"osm_id":"250545829","code":8102,"fclass":"stream","width":0,"name":"","SHAPE_Length":0.038948992893296668}},{"type":"Feature","id":114,"geometry":{"type":"LineString","coordinates":[[35.776141700000039,-0.3390074999999797],[35.776230600000076,-0.33905989999993835],[35.776319400000034,-0.33905769999995528],[35.77646290000007,-0.3390074999999797],[35.776599600000054,-0.33899839999997994],[35.776868400000069,-0.33898699999997461],[35.776960400000064,-0.33895529999995233],[35.777098500000079,-0.33899839999997994],[35.777376400000037,-0.3390758999999548],[35.777647500000057,-0.33916929999998047],[35.777820600000041,-0.33916469999996934],[35.778074600000025,-0.33914759999993294]]},"properties":{"OBJECTID":114,"FID":22115,"osm_id":"999275735","code":8102,"fclass":"stream","width":0,"name":"","SHAPE_Length":0.0019950485200192093}},{"type":"Feature","id":115,"geometry":{"type":"LineString","coordinates":[[35.825055900000052,-0.37899529999992865],[35.824946500000067,-0.37866069999995489],[35.824837100000025,-0.37805569999994759],[35.824599000000035,-0.37749579999996286],[35.824914300000046,-0.37726409999993393],[35.825287600000024,-0.37736059999997451],[35.826100200000042,-0.37716029999995726],[35.826134300000035,-0.37709429999995336],[35.826157100000046,-0.376907699999947],[35.826161600000034,-0.37683719999995446],[35.826059200000032,-0.37668699999994715],[35.826079700000037,-0.3764730999999415],[35.826225300000033,-0.37636609999992743],[35.826307300000053,-0.37632519999993974],[35.826521200000059,-0.37612499999994498],[35.826650900000061,-0.3759724999999321],[35.826851100000056,-0.37588149999993448],[35.827074100000061,-0.37567669999992859],[35.827201500000058,-0.37528989999992746],[35.827055900000062,-0.37510779999996657],[35.826919400000065,-0.37493489999997109],[35.827183300000058,-0.37477109999997538],[35.827520100000072,-0.37444339999996146],[35.827564500000051,-0.37390839999994796],[35.827435800000046,-0.37382149999996273],[35.827210500000035,-0.37371209999997745],[35.827245900000037,-0.37351259999996955],[35.827445100000034,-0.37332059999994271],[35.827172000000076,-0.37276539999993474],[35.827217500000074,-0.37260159999993903],[35.82699000000008,-0.37217379999992772],[35.826716900000065,-0.37190979999996898],[35.826443900000072,-0.37200089999993224],[35.82604340000006,-0.37178239999997231],[35.825943300000063,-0.37137279999996053],[35.825788600000067,-0.37110889999996743],[35.825624700000049,-0.37064469999995708],[35.825332800000069,-0.37048189999995884],[35.825303800000029,-0.36933349999992515],[35.826292300000034,-0.36850599999996803],[35.827775000000031,-0.36821419999995442],[35.828059000000053,-0.36727319999994279],[35.826713900000072,-0.36609299999997802],[35.826162700000054,-0.36509749999993346],[35.82699000000008,-0.36349059999997735],[35.82995040000003,-0.36003689999995458],[35.830526000000077,-0.35428079999996953],[35.830032600000038,-0.34786679999996295],[35.832746300000053,-0.34465979999993124],[35.835624400000029,-0.33816359999997303],[35.834884300000056,-0.33635449999997036],[35.835706600000037,-0.33298299999995606],[35.836350500000037,-0.3320798999999397],[35.836505200000033,-0.33172569999993584],[35.836582500000077,-0.33113819999994121],[35.836334700000066,-0.33069979999993393],[35.835996200000068,-0.33043749999995953],[35.835770100000047,-0.32992629999995415],[35.836200000000076,-0.32911819999992531],[35.837477000000035,-0.32813159999994923]]},"properties":{"OBJECTID":115,"FID":1502,"osm_id":"244394779","code":8101,"fclass":"river","width":0,"name":"","SHAPE_Length":0.061493695352404329}},{"type":"Feature","id":116,"geometry":{"type":"MultiLineString","coordinates":[[[35.82098510000003,-0.4704253999999537],[35.820835700000032,-0.47098579999993717],[35.820751600000051,-0.47149009999992586],[35.820434100000057,-0.47191969999994399],[35.819742900000051,-0.47234939999992775],[35.819425300000034,-0.4729003999999577],[35.819425300000034,-0.4735728999999651],[35.819126500000039,-0.47403989999997975],[35.818360600000062,-0.47407719999995379],[35.817613400000027,-0.47442279999995662],[35.816670000000045,-0.4755528999999683],[35.816427200000078,-0.47620669999997745],[35.81599760000006,-0.47632809999993242],[35.815362400000026,-0.47689779999996063],[35.815321361000031,-0.47705080699995506]],[[35.815315761000079,-0.47707168699997737],[35.815311666000071,-0.47708695299996862]]]},"properties":{"OBJECTID":116,"FID":25428,"osm_id":"1050449555","code":8102,"fclass":"stream","width":0,"name":"","SHAPE_Length":0.0095357028400225342}},{"type":"Feature","id":117,"geometry":{"type":"LineString","coordinates":[[35.817628300000024,-0.40054639999993924],[35.817781300000036,-0.40047939999993787],[35.817952200000036,-0.40041789999997945],[35.818120700000065,-0.40027889999993249],[35.818214100000034,-0.4001444999999535],[35.818353100000024,-0.39989619999994375],[35.818416900000045,-0.3997321999999599],[35.818560400000024,-0.39955679999997074],[35.818649200000038,-0.39939509999993561],[35.81871760000007,-0.39922649999994064],[35.818815500000028,-0.3990168999999355],[35.818949900000064,-0.39886429999995698],[35.819068400000049,-0.39866839999996273],[35.819193700000028,-0.39851579999992737],[35.819305300000053,-0.39833579999992708]]},"properties":{"OBJECTID":117,"FID":22102,"osm_id":"999275713","code":8102,"fclass":"stream","width":0,"name":"Marashoni","SHAPE_Length":0.0028572109773446221}},{"type":"Feature","id":118,"geometry":{"type":"LineString","coordinates":[[35.78100070000005,-0.29708779999992885],[35.780905000000075,-0.29713109999994458],[35.78080250000005,-0.29712879999993902],[35.780672700000025,-0.29707639999998037],[35.780600900000024,-0.29702279999997927],[35.780462000000057,-0.29699549999997998],[35.780320700000061,-0.29697389999995494],[35.780223900000067,-0.29697159999994938]]},"properties":{"OBJECTID":118,"FID":22085,"osm_id":"999275692","code":8102,"fclass":"stream","width":0,"name":"","SHAPE_Length":0.00081846992833947642}},{"type":"Feature","id":119,"geometry":{"type":"LineString","coordinates":[[35.778847700000028,-0.36586319999997841],[35.778859400000044,-0.36582459999993944],[35.778866600000072,-0.36580309999993688]]},"properties":{"OBJECTID":119,"FID":25240,"osm_id":"1043627048","code":8102,"fclass":"stream","width":0,"name":"","SHAPE_Length":6.3007781568754934e-05}},{"type":"Feature","id":120,"geometry":{"type":"LineString","coordinates":[[35.807910700000036,-0.37413429999998016],[35.807908500000053,-0.37387229999995952],[35.807924400000047,-0.37378349999994498],[35.807853800000032,-0.37354199999992943],[35.807776300000057,-0.37340079999995623],[35.807676100000037,-0.37318669999996246],[35.807528000000048,-0.37283359999997856],[35.807443800000044,-0.37267869999993763],[35.807448300000033,-0.37250549999993154],[35.807423300000039,-0.37219569999996338],[35.807418700000028,-0.37210229999993771],[35.807409600000028,-0.37197019999996428],[35.807409600000028,-0.37184269999994513],[35.807441500000039,-0.37165809999993371],[35.807477900000038,-0.37156249999992497],[35.807503000000054,-0.37143029999992905],[35.807466500000032,-0.37133469999997715],[35.807383400000049,-0.37130729999995538],[35.807309400000065,-0.37134149999997135],[35.807214800000054,-0.3714462999999455],[35.807154400000059,-0.37152369999995472],[35.807034900000076,-0.37157379999996465],[35.806973300000038,-0.37154879999997092],[35.806958500000064,-0.37148609999997007],[35.806977900000049,-0.37142119999992929],[35.80696770000003,-0.37136089999995647],[35.806962000000055,-0.37130389999992985],[35.806952800000033,-0.37121959999996079],[35.806965400000024,-0.37118199999997614],[35.806981300000075,-0.37108979999993608],[35.807062200000075,-0.37098839999993061],[35.807168100000069,-0.37090639999996711],[35.807250100000033,-0.37083689999997205],[35.807343500000059,-0.37077539999995679],[35.807433500000059,-0.37075029999994058],[35.807542800000078,-0.37067179999996824],[35.807634000000064,-0.37058409999997366],[35.807665900000075,-0.37047699999993711],[35.807657900000038,-0.37036879999993744],[35.807603200000074,-0.37024689999992688],[35.807616900000028,-0.37018999999997959],[35.807643100000064,-0.37014669999996386]]},"properties":{"OBJECTID":120,"FID":22109,"osm_id":"999275720","code":8101,"fclass":"river","width":0,"name":"Marashoni","SHAPE_Length":0.0052980590410435522}},{"type":"Feature","id":121,"geometry":{"type":"LineString","coordinates":[[35.767223600000079,-0.42773019999992812],[35.763330400000029,-0.42942839999994931],[35.759908000000053,-0.43109129999993456],[35.759084100000052,-0.43157129999997323],[35.758717000000047,-0.43193879999995488],[35.758330800000067,-0.43316189999995913],[35.75768400000004,-0.43513339999992695],[35.757526100000064,-0.43613369999997076],[35.756116400000053,-0.43840989999995372],[35.755777300000034,-0.44146579999994628],[35.752643100000057,-0.44668899999993528],[35.75075802200007,-0.44932517599994526]]},"properties":{"OBJECTID":121,"FID":25664,"osm_id":"1059311897","code":8102,"fclass":"stream","width":0,"name":"","SHAPE_Length":0.02897987222758143}},{"type":"Feature","id":122,"geometry":{"type":"LineString","coordinates":[[35.70600550000006,-0.29171559999997498],[35.706205400000044,-0.29168649999996887],[35.706306600000062,-0.29168899999996256],[35.706237000000044,-0.29180969999993067],[35.706000900000049,-0.29218789999993078]]},"properties":{"OBJECTID":122,"FID":5821,"osm_id":"597900659","code":8102,"fclass":"stream","width":0,"name":"","SHAPE_Length":0.00088841291031741204}},{"type":"Feature","id":123,"geometry":{"type":"LineString","coordinates":[[35.816726200000062,-0.33240089999992506],[35.816743000000031,-0.33238449999993236]]},"properties":{"OBJECTID":123,"FID":25313,"osm_id":"1044651645","code":8102,"fclass":"stream","width":0,"name":"","SHAPE_Length":2.3477648918010803e-05}},{"type":"Feature","id":124,"geometry":{"type":"LineString","coordinates":[[35.780148700000041,-0.3431386999999404],[35.780164700000057,-0.34311019999995551],[35.780203400000062,-0.34303729999993493],[35.780249000000026,-0.34299289999995608],[35.780249000000026,-0.34296669999997675],[35.780237600000078,-0.34293479999996634],[35.780170400000031,-0.34288009999994529],[35.780151000000046,-0.34285509999995156],[35.780144200000052,-0.34278109999996786],[35.780178400000068,-0.34272519999996121],[35.780202300000042,-0.34259199999996781],[35.780259200000046,-0.34246779999995169],[35.780320700000061,-0.34239839999997912],[35.780390200000056,-0.34230839999997897],[35.780425500000035,-0.34213979999992716],[35.780463100000077,-0.34185849999994389],[35.780463100000077,-0.34181749999993372],[35.780473400000062,-0.34168419999997468],[35.780521200000067,-0.34149849999994331],[35.780526900000041,-0.34136299999994435],[35.78053710000006,-0.34123769999996512],[35.780572500000062,-0.34115229999997609],[35.780585000000031,-0.34106339999993907],[35.78058610000005,-0.34097799999995004],[35.780631700000072,-0.34091649999993479],[35.780690900000025,-0.34083449999997129],[35.780738800000051,-0.34072059999994053],[35.780749000000071,-0.3406020999999555],[35.780758100000071,-0.34036409999993111],[35.780762700000025,-0.34021369999993567],[35.780816200000061,-0.3400394999999321],[35.78087540000007,-0.33985039999993205],[35.78087320000003,-0.33981509999995296],[35.780838500000073,-0.33972329999994599],[35.780823000000055,-0.33969089999993685],[35.780812800000035,-0.33955309999993233],[35.780885700000056,-0.33947449999993751],[35.78093240000004,-0.33941869999995333],[35.780947200000071,-0.3393617999999492],[35.780927800000029,-0.33927409999995461],[35.780894800000056,-0.33920119999993403],[35.780870900000025,-0.33910439999993969],[35.780872000000045,-0.33903259999993907],[35.78083330000004,-0.33893459999995912],[35.78083330000004,-0.33881389999993416],[35.780790000000025,-0.33855879999993022],[35.780714800000055,-0.33844029999994518],[35.780652200000077,-0.33830709999995179],[35.780611200000067,-0.3381230999999616]]},"properties":{"OBJECTID":124,"FID":22117,"osm_id":"999275737","code":8102,"fclass":"stream","width":0,"name":"","SHAPE_Length":0.0053647181102156093}}]}